t,best,solver,dim
1,-2.7341623460238087,vanila-des,50
2,-2.816862617638111,vanila-des,50
3,-2.816862617638111,vanila-des,50
4,-2.816862617638111,vanila-des,50
5,-2.861922930428257,vanila-des,50
6,-2.9100225249906897,vanila-des,50
7,-2.9100225249906897,vanila-des,50
8,-2.914859415400401,vanila-des,50
9,-2.914859415400401,vanila-des,50
10,-2.914859415400401,vanila-des,50
11,-2.914859415400401,vanila-des,50
12,-2.914859415400401,vanila-des,50
13,-2.914859415400401,vanila-des,50
14,-2.957514533708992,vanila-des,50
15,-2.957514533708992,vanila-des,50
16,-2.9924175805887208,vanila-des,50
17,-2.9924175805887208,vanila-des,50
18,-2.9924175805887208,vanila-des,50
19,-2.9924175805887208,vanila-des,50
20,-2.9924175805887208,vanila-des,50
21,-2.9924175805887208,vanila-des,50
22,-2.9924175805887208,vanila-des,50
23,-2.9924175805887208,vanila-des,50
24,-2.9924175805887208,vanila-des,50
25,-2.9924175805887208,vanila-des,50
26,-3.0825973385907117,vanila-des,50
27,-3.0825973385907117,vanila-des,50
28,-3.0825973385907117,vanila-des,50
29,-3.0825973385907117,vanila-des,50
30,-3.0825973385907117,vanila-des,50
31,-3.0825973385907117,vanila-des,50
32,-3.0825973385907117,vanila-des,50
33,-3.0825973385907117,vanila-des,50
34,-3.0825973385907117,vanila-des,50
35,-3.0825973385907117,vanila-des,50
36,-3.0825973385907117,vanila-des,50
37,-3.0825973385907117,vanila-des,50
38,-3.0825973385907117,vanila-des,50
39,-3.113503246909022,vanila-des,50
40,-3.129075233603707,vanila-des,50
41,-3.129075233603707,vanila-des,50
42,-3.129075233603707,vanila-des,50
43,-3.1358832966553356,vanila-des,50
44,-3.1358832966553356,vanila-des,50
45,-3.1358832966553356,vanila-des,50
46,-3.1497684112601076,vanila-des,50
47,-3.1497684112601076,vanila-des,50
48,-3.1497684112601076,vanila-des,50
49,-3.1609483802658884,vanila-des,50
50,-3.1609483802658884,vanila-des,50
51,-3.1609483802658884,vanila-des,50
52,-3.1609483802658884,vanila-des,50
53,-3.1609483802658884,vanila-des,50
54,-3.1609483802658884,vanila-des,50
55,-3.1609483802658884,vanila-des,50
56,-3.1609483802658884,vanila-des,50
57,-3.1609483802658884,vanila-des,50
58,-3.1609483802658884,vanila-des,50
59,-3.1693798112751725,vanila-des,50
60,-3.218069921010548,vanila-des,50
61,-3.218069921010548,vanila-des,50
62,-3.218069921010548,vanila-des,50
63,-3.218069921010548,vanila-des,50
64,-3.218069921010548,vanila-des,50
65,-3.218069921010548,vanila-des,50
66,-3.218069921010548,vanila-des,50
67,-3.218069921010548,vanila-des,50
68,-3.218069921010548,vanila-des,50
69,-3.218069921010548,vanila-des,50
70,-3.218069921010548,vanila-des,50
71,-3.218069921010548,vanila-des,50
72,-3.218069921010548,vanila-des,50
73,-3.218069921010548,vanila-des,50
74,-3.218069921010548,vanila-des,50
75,-3.218069921010548,vanila-des,50
76,-3.218069921010548,vanila-des,50
77,-3.218069921010548,vanila-des,50
78,-3.218069921010548,vanila-des,50
79,-3.218069921010548,vanila-des,50
80,-3.2211085413786527,vanila-des,50
81,-3.2400628099327635,vanila-des,50
82,-3.2400628099327635,vanila-des,50
83,-3.2400628099327635,vanila-des,50
84,-3.2400628099327635,vanila-des,50
85,-3.2400628099327635,vanila-des,50
86,-3.2400628099327635,vanila-des,50
87,-3.2400628099327635,vanila-des,50
88,-3.2400628099327635,vanila-des,50
89,-3.2400628099327635,vanila-des,50
90,-3.2400628099327635,vanila-des,50
91,-3.2400628099327635,vanila-des,50
92,-3.2400628099327635,vanila-des,50
93,-3.2400628099327635,vanila-des,50
94,-3.3436170623834522,vanila-des,50
95,-3.3436170623834522,vanila-des,50
96,-3.3436170623834522,vanila-des,50
97,-3.3436170623834522,vanila-des,50
98,-3.3436170623834522,vanila-des,50
99,-3.351292563003671,vanila-des,50
100,-3.351292563003671,vanila-des,50
101,-3.351292563003671,vanila-des,50
102,-3.3835961245735087,vanila-des,50
103,-3.3835961245735087,vanila-des,50
104,-3.3835961245735087,vanila-des,50
105,-3.3896880298564382,vanila-des,50
106,-3.3896880298564382,vanila-des,50
107,-3.3896880298564382,vanila-des,50
108,-3.3896880298564382,vanila-des,50
109,-3.4008170774650117,vanila-des,50
110,-3.4008170774650117,vanila-des,50
111,-3.4008170774650117,vanila-des,50
112,-3.4008170774650117,vanila-des,50
113,-3.4008170774650117,vanila-des,50
114,-3.4204333726282727,vanila-des,50
115,-3.4204333726282727,vanila-des,50
116,-3.4204333726282727,vanila-des,50
117,-3.4204333726282727,vanila-des,50
118,-3.4204333726282727,vanila-des,50
119,-3.4204333726282727,vanila-des,50
120,-3.4204333726282727,vanila-des,50
121,-3.4204333726282727,vanila-des,50
122,-3.4204333726282727,vanila-des,50
123,-3.4204333726282727,vanila-des,50
124,-3.4204333726282727,vanila-des,50
125,-3.4204333726282727,vanila-des,50
126,-3.4204333726282727,vanila-des,50
127,-3.4204333726282727,vanila-des,50
128,-3.4204333726282727,vanila-des,50
129,-3.4204333726282727,vanila-des,50
130,-3.467690355034418,vanila-des,50
131,-3.467690355034418,vanila-des,50
132,-3.467690355034418,vanila-des,50
133,-3.467690355034418,vanila-des,50
134,-3.467690355034418,vanila-des,50
135,-3.467690355034418,vanila-des,50
136,-3.4839628173586386,vanila-des,50
137,-3.4839628173586386,vanila-des,50
138,-3.4839628173586386,vanila-des,50
139,-3.4839628173586386,vanila-des,50
140,-3.4839628173586386,vanila-des,50
141,-3.4839628173586386,vanila-des,50
142,-3.4839628173586386,vanila-des,50
143,-3.4839628173586386,vanila-des,50
144,-3.4839628173586386,vanila-des,50
145,-3.4839628173586386,vanila-des,50
146,-3.4839628173586386,vanila-des,50
147,-3.4839628173586386,vanila-des,50
148,-3.4839628173586386,vanila-des,50
149,-3.4839628173586386,vanila-des,50
150,-3.4839628173586386,vanila-des,50
151,-3.510044092969082,vanila-des,50
152,-3.510044092969082,vanila-des,50
153,-3.5168765067289463,vanila-des,50
154,-3.5168765067289463,vanila-des,50
155,-3.5168765067289463,vanila-des,50
156,-3.5168765067289463,vanila-des,50
157,-3.5168765067289463,vanila-des,50
158,-3.5168765067289463,vanila-des,50
159,-3.5168765067289463,vanila-des,50
160,-3.5168765067289463,vanila-des,50
161,-3.5168765067289463,vanila-des,50
162,-3.5168765067289463,vanila-des,50
163,-3.537700473063424,vanila-des,50
164,-3.537700473063424,vanila-des,50
165,-3.537700473063424,vanila-des,50
166,-3.5634700478867956,vanila-des,50
167,-3.569319378677789,vanila-des,50
168,-3.5979563094715843,vanila-des,50
169,-3.5979563094715843,vanila-des,50
170,-3.6031117716131447,vanila-des,50
171,-3.621132980111688,vanila-des,50
172,-3.621132980111688,vanila-des,50
173,-3.621132980111688,vanila-des,50
174,-3.621132980111688,vanila-des,50
175,-3.621132980111688,vanila-des,50
176,-3.621132980111688,vanila-des,50
177,-3.621132980111688,vanila-des,50
178,-3.621132980111688,vanila-des,50
179,-3.621132980111688,vanila-des,50
180,-3.6754087077376854,vanila-des,50
181,-3.6754087077376854,vanila-des,50
182,-3.6754087077376854,vanila-des,50
183,-3.6754087077376854,vanila-des,50
184,-3.6754087077376854,vanila-des,50
185,-3.6754087077376854,vanila-des,50
186,-3.6754087077376854,vanila-des,50
187,-3.6754087077376854,vanila-des,50
188,-3.6754087077376854,vanila-des,50
189,-3.6754087077376854,vanila-des,50
190,-3.6754087077376854,vanila-des,50
191,-3.6754087077376854,vanila-des,50
192,-3.6754087077376854,vanila-des,50
193,-3.6754087077376854,vanila-des,50
194,-3.6754087077376854,vanila-des,50
195,-3.6754087077376854,vanila-des,50
196,-3.6754087077376854,vanila-des,50
197,-3.6754087077376854,vanila-des,50
198,-3.6754087077376854,vanila-des,50
199,-3.7219645511990542,vanila-des,50
200,-3.7219645511990542,vanila-des,50
201,-3.7219645511990542,vanila-des,50
202,-3.7219645511990542,vanila-des,50
203,-3.7219645511990542,vanila-des,50
204,-3.7219645511990542,vanila-des,50
205,-3.7219645511990542,vanila-des,50
206,-3.7678683979049956,vanila-des,50
207,-3.7678683979049956,vanila-des,50
208,-3.7678683979049956,vanila-des,50
209,-3.7678683979049956,vanila-des,50
210,-3.792252258300235,vanila-des,50
211,-3.792252258300235,vanila-des,50
212,-3.792252258300235,vanila-des,50
213,-3.792252258300235,vanila-des,50
214,-3.8371920037722576,vanila-des,50
215,-3.8371920037722576,vanila-des,50
216,-3.8371920037722576,vanila-des,50
217,-3.8371920037722576,vanila-des,50
218,-3.8371920037722576,vanila-des,50
219,-3.8371920037722576,vanila-des,50
220,-3.8371920037722576,vanila-des,50
221,-3.8371920037722576,vanila-des,50
222,-3.8371920037722576,vanila-des,50
223,-3.8371920037722576,vanila-des,50
224,-3.87655074966325,vanila-des,50
225,-3.87655074966325,vanila-des,50
226,-3.87655074966325,vanila-des,50
227,-3.8864709216106688,vanila-des,50
228,-3.8864709216106688,vanila-des,50
229,-3.918559068057218,vanila-des,50
230,-3.918559068057218,vanila-des,50
231,-3.969783345254767,vanila-des,50
232,-3.969783345254767,vanila-des,50
233,-3.9959679268267245,vanila-des,50
234,-3.9959679268267245,vanila-des,50
235,-3.9959679268267245,vanila-des,50
236,-3.9959679268267245,vanila-des,50
237,-3.9959679268267245,vanila-des,50
238,-3.9959679268267245,vanila-des,50
239,-4.000284902398626,vanila-des,50
240,-4.034214231263362,vanila-des,50
241,-4.034214231263362,vanila-des,50
242,-4.034214231263362,vanila-des,50
243,-4.034214231263362,vanila-des,50
244,-4.034214231263362,vanila-des,50
245,-4.034214231263362,vanila-des,50
246,-4.034214231263362,vanila-des,50
247,-4.034214231263362,vanila-des,50
248,-4.034214231263362,vanila-des,50
249,-4.044156938496963,vanila-des,50
250,-4.044156938496963,vanila-des,50
251,-4.044156938496963,vanila-des,50
252,-4.044156938496963,vanila-des,50
253,-4.044156938496963,vanila-des,50
254,-4.044156938496963,vanila-des,50
255,-4.044156938496963,vanila-des,50
256,-4.044156938496963,vanila-des,50
257,-4.044156938496963,vanila-des,50
258,-4.044156938496963,vanila-des,50
259,-4.044156938496963,vanila-des,50
260,-4.044156938496963,vanila-des,50
261,-4.044156938496963,vanila-des,50
262,-4.044156938496963,vanila-des,50
263,-4.044156938496963,vanila-des,50
264,-4.044156938496963,vanila-des,50
265,-4.044156938496963,vanila-des,50
266,-4.044156938496963,vanila-des,50
267,-4.074739470729261,vanila-des,50
268,-4.074739470729261,vanila-des,50
269,-4.074739470729261,vanila-des,50
270,-4.074739470729261,vanila-des,50
271,-4.074739470729261,vanila-des,50
272,-4.074739470729261,vanila-des,50
273,-4.074739470729261,vanila-des,50
274,-4.074739470729261,vanila-des,50
275,-4.074739470729261,vanila-des,50
276,-4.074739470729261,vanila-des,50
277,-4.092035461258737,vanila-des,50
278,-4.092035461258737,vanila-des,50
279,-4.092035461258737,vanila-des,50
280,-4.092035461258737,vanila-des,50
281,-4.092035461258737,vanila-des,50
282,-4.092035461258737,vanila-des,50
283,-4.092035461258737,vanila-des,50
284,-4.092035461258737,vanila-des,50
285,-4.092035461258737,vanila-des,50
286,-4.092035461258737,vanila-des,50
287,-4.092035461258737,vanila-des,50
288,-4.092035461258737,vanila-des,50
289,-4.092035461258737,vanila-des,50
290,-4.092035461258737,vanila-des,50
291,-4.092035461258737,vanila-des,50
292,-4.092035461258737,vanila-des,50
293,-4.092035461258737,vanila-des,50
294,-4.092035461258737,vanila-des,50
295,-4.092035461258737,vanila-des,50
296,-4.092035461258737,vanila-des,50
297,-4.092035461258737,vanila-des,50
298,-4.092035461258737,vanila-des,50
299,-4.092035461258737,vanila-des,50
300,-4.092035461258737,vanila-des,50
301,-4.092035461258737,vanila-des,50
302,-4.092035461258737,vanila-des,50
303,-4.092035461258737,vanila-des,50
304,-4.092035461258737,vanila-des,50
305,-4.101726997300377,vanila-des,50
306,-4.135660284121536,vanila-des,50
307,-4.135660284121536,vanila-des,50
308,-4.135660284121536,vanila-des,50
309,-4.135660284121536,vanila-des,50
310,-4.135660284121536,vanila-des,50
311,-4.135660284121536,vanila-des,50
312,-4.135660284121536,vanila-des,50
313,-4.135660284121536,vanila-des,50
314,-4.135660284121536,vanila-des,50
315,-4.135660284121536,vanila-des,50
316,-4.135660284121536,vanila-des,50
317,-4.135660284121536,vanila-des,50
318,-4.135660284121536,vanila-des,50
319,-4.146241679936131,vanila-des,50
320,-4.146241679936131,vanila-des,50
321,-4.146241679936131,vanila-des,50
322,-4.146241679936131,vanila-des,50
323,-4.146241679936131,vanila-des,50
324,-4.146241679936131,vanila-des,50
325,-4.146241679936131,vanila-des,50
326,-4.146241679936131,vanila-des,50
327,-4.146241679936131,vanila-des,50
328,-4.146241679936131,vanila-des,50
329,-4.184522302729094,vanila-des,50
330,-4.184522302729094,vanila-des,50
331,-4.184522302729094,vanila-des,50
332,-4.184522302729094,vanila-des,50
333,-4.184522302729094,vanila-des,50
334,-4.184522302729094,vanila-des,50
335,-4.184522302729094,vanila-des,50
336,-4.184522302729094,vanila-des,50
337,-4.184522302729094,vanila-des,50
338,-4.184522302729094,vanila-des,50
339,-4.184522302729094,vanila-des,50
340,-4.184522302729094,vanila-des,50
341,-4.184522302729094,vanila-des,50
342,-4.184522302729094,vanila-des,50
343,-4.184522302729094,vanila-des,50
344,-4.184522302729094,vanila-des,50
345,-4.184522302729094,vanila-des,50
346,-4.184522302729094,vanila-des,50
347,-4.1973598658825635,vanila-des,50
348,-4.1973598658825635,vanila-des,50
349,-4.1973598658825635,vanila-des,50
350,-4.1973598658825635,vanila-des,50
351,-4.1973598658825635,vanila-des,50
352,-4.1973598658825635,vanila-des,50
353,-4.1973598658825635,vanila-des,50
354,-4.1973598658825635,vanila-des,50
355,-4.1973598658825635,vanila-des,50
356,-4.1973598658825635,vanila-des,50
357,-4.1973598658825635,vanila-des,50
358,-4.1973598658825635,vanila-des,50
359,-4.1973598658825635,vanila-des,50
360,-4.1973598658825635,vanila-des,50
361,-4.1973598658825635,vanila-des,50
362,-4.2032966437899235,vanila-des,50
363,-4.2032966437899235,vanila-des,50
364,-4.2032966437899235,vanila-des,50
365,-4.2032966437899235,vanila-des,50
366,-4.2032966437899235,vanila-des,50
367,-4.2032966437899235,vanila-des,50
368,-4.2032966437899235,vanila-des,50
369,-4.2032966437899235,vanila-des,50
370,-4.2032966437899235,vanila-des,50
371,-4.2032966437899235,vanila-des,50
372,-4.2032966437899235,vanila-des,50
373,-4.2032966437899235,vanila-des,50
374,-4.2032966437899235,vanila-des,50
375,-4.2032966437899235,vanila-des,50
376,-4.2032966437899235,vanila-des,50
377,-4.2032966437899235,vanila-des,50
378,-4.2032966437899235,vanila-des,50
379,-4.2032966437899235,vanila-des,50
380,-4.2032966437899235,vanila-des,50
381,-4.2032966437899235,vanila-des,50
382,-4.2032966437899235,vanila-des,50
383,-4.2032966437899235,vanila-des,50
384,-4.2032966437899235,vanila-des,50
385,-4.2032966437899235,vanila-des,50
386,-4.2032966437899235,vanila-des,50
387,-4.2032966437899235,vanila-des,50
388,-4.2032966437899235,vanila-des,50
389,-4.2032966437899235,vanila-des,50
390,-4.2032966437899235,vanila-des,50
391,-4.2032966437899235,vanila-des,50
392,-4.2032966437899235,vanila-des,50
393,-4.2032966437899235,vanila-des,50
394,-4.2032966437899235,vanila-des,50
395,-4.2032966437899235,vanila-des,50
396,-4.2032966437899235,vanila-des,50
397,-4.2032966437899235,vanila-des,50
398,-4.2032966437899235,vanila-des,50
399,-4.2032966437899235,vanila-des,50
400,-4.2032966437899235,vanila-des,50
401,-4.2032966437899235,vanila-des,50
402,-4.2032966437899235,vanila-des,50
403,-4.2032966437899235,vanila-des,50
404,-4.2032966437899235,vanila-des,50
405,-4.2032966437899235,vanila-des,50
406,-4.2032966437899235,vanila-des,50
407,-4.2032966437899235,vanila-des,50
408,-4.2032966437899235,vanila-des,50
409,-4.2032966437899235,vanila-des,50
410,-4.2032966437899235,vanila-des,50
411,-4.2032966437899235,vanila-des,50
412,-4.2032966437899235,vanila-des,50
413,-4.2032966437899235,vanila-des,50
414,-4.2032966437899235,vanila-des,50
415,-4.2032966437899235,vanila-des,50
416,-4.2032966437899235,vanila-des,50
417,-4.2032966437899235,vanila-des,50
418,-4.2032966437899235,vanila-des,50
419,-4.2032966437899235,vanila-des,50
420,-4.2032966437899235,vanila-des,50
421,-4.2032966437899235,vanila-des,50
422,-4.221073057062675,vanila-des,50
423,-4.221073057062675,vanila-des,50
424,-4.221073057062675,vanila-des,50
425,-4.221073057062675,vanila-des,50
426,-4.221073057062675,vanila-des,50
427,-4.221073057062675,vanila-des,50
428,-4.221073057062675,vanila-des,50
429,-4.221073057062675,vanila-des,50
430,-4.221073057062675,vanila-des,50
431,-4.290904863943891,vanila-des,50
432,-4.290904863943891,vanila-des,50
433,-4.290904863943891,vanila-des,50
434,-4.290904863943891,vanila-des,50
435,-4.290904863943891,vanila-des,50
436,-4.290904863943891,vanila-des,50
437,-4.290904863943891,vanila-des,50
438,-4.290904863943891,vanila-des,50
439,-4.290904863943891,vanila-des,50
440,-4.290904863943891,vanila-des,50
441,-4.290904863943891,vanila-des,50
442,-4.290904863943891,vanila-des,50
443,-4.290904863943891,vanila-des,50
444,-4.290904863943891,vanila-des,50
445,-4.290904863943891,vanila-des,50
446,-4.290904863943891,vanila-des,50
447,-4.290904863943891,vanila-des,50
448,-4.290904863943891,vanila-des,50
449,-4.290904863943891,vanila-des,50
450,-4.290904863943891,vanila-des,50
451,-4.290904863943891,vanila-des,50
452,-4.290904863943891,vanila-des,50
453,-4.290904863943891,vanila-des,50
454,-4.290904863943891,vanila-des,50
455,-4.290904863943891,vanila-des,50
456,-4.290904863943891,vanila-des,50
457,-4.290904863943891,vanila-des,50
458,-4.290904863943891,vanila-des,50
459,-4.313258662008623,vanila-des,50
460,-4.313258662008623,vanila-des,50
461,-4.313258662008623,vanila-des,50
462,-4.313258662008623,vanila-des,50
463,-4.313258662008623,vanila-des,50
464,-4.313258662008623,vanila-des,50
465,-4.313258662008623,vanila-des,50
466,-4.313258662008623,vanila-des,50
467,-4.313258662008623,vanila-des,50
468,-4.313258662008623,vanila-des,50
469,-4.313258662008623,vanila-des,50
470,-4.313258662008623,vanila-des,50
471,-4.313258662008623,vanila-des,50
472,-4.313258662008623,vanila-des,50
473,-4.313258662008623,vanila-des,50
474,-4.368277693906879,vanila-des,50
475,-4.368277693906879,vanila-des,50
476,-4.368277693906879,vanila-des,50
477,-4.368277693906879,vanila-des,50
478,-4.368277693906879,vanila-des,50
479,-4.368277693906879,vanila-des,50
480,-4.368277693906879,vanila-des,50
481,-4.368277693906879,vanila-des,50
482,-4.368277693906879,vanila-des,50
483,-4.368277693906879,vanila-des,50
484,-4.368277693906879,vanila-des,50
485,-4.368277693906879,vanila-des,50
486,-4.368277693906879,vanila-des,50
487,-4.368277693906879,vanila-des,50
488,-4.368277693906879,vanila-des,50
489,-4.368277693906879,vanila-des,50
490,-4.368277693906879,vanila-des,50
491,-4.368277693906879,vanila-des,50
492,-4.368277693906879,vanila-des,50
493,-4.368277693906879,vanila-des,50
494,-4.368277693906879,vanila-des,50
495,-4.368277693906879,vanila-des,50
496,-4.368277693906879,vanila-des,50
497,-4.368277693906879,vanila-des,50
498,-4.368277693906879,vanila-des,50
499,-4.368277693906879,vanila-des,50
500,-4.368277693906879,vanila-des,50
501,-4.368277693906879,vanila-des,50
502,-4.368277693906879,vanila-des,50
503,-4.368277693906879,vanila-des,50
504,-4.368277693906879,vanila-des,50
505,-4.368277693906879,vanila-des,50
506,-4.368277693906879,vanila-des,50
507,-4.368277693906879,vanila-des,50
508,-4.368277693906879,vanila-des,50
509,-4.368277693906879,vanila-des,50
510,-4.368277693906879,vanila-des,50
511,-4.368277693906879,vanila-des,50
512,-4.368277693906879,vanila-des,50
513,-4.368277693906879,vanila-des,50
514,-4.368277693906879,vanila-des,50
515,-4.368277693906879,vanila-des,50
516,-4.368277693906879,vanila-des,50
517,-4.368277693906879,vanila-des,50
518,-4.368277693906879,vanila-des,50
519,-4.368277693906879,vanila-des,50
520,-4.368277693906879,vanila-des,50
521,-4.368277693906879,vanila-des,50
522,-4.368277693906879,vanila-des,50
523,-4.368277693906879,vanila-des,50
524,-4.368277693906879,vanila-des,50
525,-4.368277693906879,vanila-des,50
526,-4.368277693906879,vanila-des,50
527,-4.368277693906879,vanila-des,50
528,-4.368277693906879,vanila-des,50
529,-4.368277693906879,vanila-des,50
530,-4.368277693906879,vanila-des,50
531,-4.368277693906879,vanila-des,50
532,-4.368277693906879,vanila-des,50
533,-4.368277693906879,vanila-des,50
534,-4.368277693906879,vanila-des,50
535,-4.368277693906879,vanila-des,50
536,-4.368277693906879,vanila-des,50
537,-4.368277693906879,vanila-des,50
538,-4.368277693906879,vanila-des,50
539,-4.368277693906879,vanila-des,50
540,-4.368277693906879,vanila-des,50
541,-4.368277693906879,vanila-des,50
542,-4.368277693906879,vanila-des,50
543,-4.368277693906879,vanila-des,50
544,-4.368277693906879,vanila-des,50
545,-4.368277693906879,vanila-des,50
546,-4.368277693906879,vanila-des,50
547,-4.368277693906879,vanila-des,50
548,-4.368277693906879,vanila-des,50
549,-4.368277693906879,vanila-des,50
550,-4.368277693906879,vanila-des,50
551,-4.368277693906879,vanila-des,50
552,-4.368277693906879,vanila-des,50
553,-4.368277693906879,vanila-des,50
554,-4.368277693906879,vanila-des,50
555,-4.368277693906879,vanila-des,50
556,-4.368277693906879,vanila-des,50
557,-4.368277693906879,vanila-des,50
558,-4.368277693906879,vanila-des,50
559,-4.368277693906879,vanila-des,50
560,-4.368277693906879,vanila-des,50
561,-4.368277693906879,vanila-des,50
562,-4.368277693906879,vanila-des,50
563,-4.368277693906879,vanila-des,50
564,-4.368277693906879,vanila-des,50
565,-4.368277693906879,vanila-des,50
566,-4.380799682355307,vanila-des,50
567,-4.380799682355307,vanila-des,50
568,-4.380799682355307,vanila-des,50
569,-4.380799682355307,vanila-des,50
570,-4.380799682355307,vanila-des,50
571,-4.380799682355307,vanila-des,50
572,-4.380799682355307,vanila-des,50
573,-4.380799682355307,vanila-des,50
574,-4.380799682355307,vanila-des,50
575,-4.380799682355307,vanila-des,50
576,-4.380799682355307,vanila-des,50
577,-4.380799682355307,vanila-des,50
578,-4.380799682355307,vanila-des,50
579,-4.380799682355307,vanila-des,50
580,-4.380799682355307,vanila-des,50
581,-4.380799682355307,vanila-des,50
582,-4.380799682355307,vanila-des,50
583,-4.380799682355307,vanila-des,50
584,-4.380799682355307,vanila-des,50
585,-4.380799682355307,vanila-des,50
586,-4.380799682355307,vanila-des,50
587,-4.380799682355307,vanila-des,50
588,-4.380799682355307,vanila-des,50
589,-4.380799682355307,vanila-des,50
590,-4.380799682355307,vanila-des,50
591,-4.380799682355307,vanila-des,50
592,-4.380799682355307,vanila-des,50
593,-4.380799682355307,vanila-des,50
594,-4.380799682355307,vanila-des,50
595,-4.380799682355307,vanila-des,50
596,-4.380799682355307,vanila-des,50
597,-4.380799682355307,vanila-des,50
598,-4.380799682355307,vanila-des,50
599,-4.380799682355307,vanila-des,50
600,-4.380799682355307,vanila-des,50
601,-4.380799682355307,vanila-des,50
602,-4.380799682355307,vanila-des,50
603,-4.380799682355307,vanila-des,50
604,-4.380799682355307,vanila-des,50
605,-4.380799682355307,vanila-des,50
606,-4.380799682355307,vanila-des,50
607,-4.380799682355307,vanila-des,50
608,-4.380799682355307,vanila-des,50
609,-4.380799682355307,vanila-des,50
610,-4.380799682355307,vanila-des,50
611,-4.380799682355307,vanila-des,50
612,-4.380799682355307,vanila-des,50
613,-4.380799682355307,vanila-des,50
614,-4.380799682355307,vanila-des,50
615,-4.380799682355307,vanila-des,50
616,-4.380799682355307,vanila-des,50
617,-4.380799682355307,vanila-des,50
618,-4.380799682355307,vanila-des,50
619,-4.380799682355307,vanila-des,50
620,-4.380799682355307,vanila-des,50
621,-4.380799682355307,vanila-des,50
622,-4.380799682355307,vanila-des,50
623,-4.380799682355307,vanila-des,50
624,-4.388954188239706,vanila-des,50
625,-4.388954188239706,vanila-des,50
626,-4.388954188239706,vanila-des,50
627,-4.388954188239706,vanila-des,50
628,-4.388954188239706,vanila-des,50
629,-4.388954188239706,vanila-des,50
630,-4.388954188239706,vanila-des,50
631,-4.388954188239706,vanila-des,50
632,-4.388954188239706,vanila-des,50
633,-4.388954188239706,vanila-des,50
634,-4.388954188239706,vanila-des,50
635,-4.388954188239706,vanila-des,50
636,-4.388954188239706,vanila-des,50
637,-4.388954188239706,vanila-des,50
638,-4.388954188239706,vanila-des,50
639,-4.388954188239706,vanila-des,50
640,-4.388954188239706,vanila-des,50
641,-4.388954188239706,vanila-des,50
642,-4.388954188239706,vanila-des,50
643,-4.388954188239706,vanila-des,50
644,-4.388954188239706,vanila-des,50
645,-4.388954188239706,vanila-des,50
646,-4.388954188239706,vanila-des,50
647,-4.4306131489677,vanila-des,50
648,-4.4306131489677,vanila-des,50
649,-4.4306131489677,vanila-des,50
650,-4.466083160132071,vanila-des,50
651,-4.466083160132071,vanila-des,50
652,-4.466083160132071,vanila-des,50
653,-4.466083160132071,vanila-des,50
654,-4.466083160132071,vanila-des,50
655,-4.466083160132071,vanila-des,50
656,-4.466083160132071,vanila-des,50
657,-4.466083160132071,vanila-des,50
658,-4.466083160132071,vanila-des,50
659,-4.466083160132071,vanila-des,50
660,-4.466083160132071,vanila-des,50
661,-4.466083160132071,vanila-des,50
662,-4.466083160132071,vanila-des,50
663,-4.466083160132071,vanila-des,50
664,-4.466083160132071,vanila-des,50
665,-4.466083160132071,vanila-des,50
666,-4.466083160132071,vanila-des,50
667,-4.466083160132071,vanila-des,50
668,-4.466083160132071,vanila-des,50
669,-4.466083160132071,vanila-des,50
670,-4.466083160132071,vanila-des,50
671,-4.466083160132071,vanila-des,50
672,-4.466083160132071,vanila-des,50
673,-4.466083160132071,vanila-des,50
674,-4.466083160132071,vanila-des,50
675,-4.466083160132071,vanila-des,50
676,-4.466083160132071,vanila-des,50
677,-4.466083160132071,vanila-des,50
678,-4.466083160132071,vanila-des,50
679,-4.466083160132071,vanila-des,50
680,-4.466083160132071,vanila-des,50
681,-4.466083160132071,vanila-des,50
682,-4.466083160132071,vanila-des,50
683,-4.466083160132071,vanila-des,50
684,-4.466083160132071,vanila-des,50
685,-4.466083160132071,vanila-des,50
686,-4.466083160132071,vanila-des,50
687,-4.466083160132071,vanila-des,50
688,-4.466083160132071,vanila-des,50
689,-4.466083160132071,vanila-des,50
690,-4.466083160132071,vanila-des,50
691,-4.466083160132071,vanila-des,50
692,-4.466083160132071,vanila-des,50
693,-4.466083160132071,vanila-des,50
694,-4.466083160132071,vanila-des,50
695,-4.466083160132071,vanila-des,50
696,-4.466083160132071,vanila-des,50
697,-4.466083160132071,vanila-des,50
698,-4.466083160132071,vanila-des,50
699,-4.466083160132071,vanila-des,50
700,-4.466083160132071,vanila-des,50
701,-4.466083160132071,vanila-des,50
702,-4.466083160132071,vanila-des,50
703,-4.466083160132071,vanila-des,50
704,-4.466083160132071,vanila-des,50
705,-4.466083160132071,vanila-des,50
706,-4.466083160132071,vanila-des,50
707,-4.466083160132071,vanila-des,50
708,-4.466083160132071,vanila-des,50
709,-4.466083160132071,vanila-des,50
710,-4.466083160132071,vanila-des,50
711,-4.466083160132071,vanila-des,50
712,-4.466083160132071,vanila-des,50
713,-4.466083160132071,vanila-des,50
714,-4.466083160132071,vanila-des,50
715,-4.466083160132071,vanila-des,50
716,-4.466083160132071,vanila-des,50
717,-4.466083160132071,vanila-des,50
718,-4.466083160132071,vanila-des,50
719,-4.466083160132071,vanila-des,50
720,-4.466083160132071,vanila-des,50
721,-4.466083160132071,vanila-des,50
722,-4.466083160132071,vanila-des,50
723,-4.466083160132071,vanila-des,50
724,-4.466083160132071,vanila-des,50
725,-4.466083160132071,vanila-des,50
726,-4.466083160132071,vanila-des,50
727,-4.466083160132071,vanila-des,50
728,-4.466083160132071,vanila-des,50
729,-4.466083160132071,vanila-des,50
730,-4.466083160132071,vanila-des,50
731,-4.466083160132071,vanila-des,50
732,-4.466083160132071,vanila-des,50
733,-4.466083160132071,vanila-des,50
734,-4.466083160132071,vanila-des,50
735,-4.466083160132071,vanila-des,50
736,-4.466083160132071,vanila-des,50
737,-4.466083160132071,vanila-des,50
738,-4.466083160132071,vanila-des,50
739,-4.466083160132071,vanila-des,50
740,-4.466083160132071,vanila-des,50
741,-4.466083160132071,vanila-des,50
742,-4.466083160132071,vanila-des,50
743,-4.466083160132071,vanila-des,50
744,-4.466083160132071,vanila-des,50
745,-4.466083160132071,vanila-des,50
746,-4.466083160132071,vanila-des,50
747,-4.466083160132071,vanila-des,50
748,-4.466083160132071,vanila-des,50
749,-4.466083160132071,vanila-des,50
750,-4.466083160132071,vanila-des,50
751,-4.466083160132071,vanila-des,50
752,-4.466083160132071,vanila-des,50
753,-4.466083160132071,vanila-des,50
754,-4.466083160132071,vanila-des,50
755,-4.466083160132071,vanila-des,50
756,-4.466083160132071,vanila-des,50
757,-4.466083160132071,vanila-des,50
758,-4.466083160132071,vanila-des,50
759,-4.466083160132071,vanila-des,50
760,-4.466083160132071,vanila-des,50
761,-4.466083160132071,vanila-des,50
762,-4.466083160132071,vanila-des,50
763,-4.466083160132071,vanila-des,50
764,-4.466083160132071,vanila-des,50
765,-4.466083160132071,vanila-des,50
766,-4.466083160132071,vanila-des,50
767,-4.466083160132071,vanila-des,50
768,-4.466083160132071,vanila-des,50
769,-4.466083160132071,vanila-des,50
770,-4.513835898552921,vanila-des,50
771,-4.513835898552921,vanila-des,50
772,-4.513835898552921,vanila-des,50
773,-4.513835898552921,vanila-des,50
774,-4.513835898552921,vanila-des,50
775,-4.513835898552921,vanila-des,50
776,-4.513835898552921,vanila-des,50
777,-4.513835898552921,vanila-des,50
778,-4.513835898552921,vanila-des,50
779,-4.513835898552921,vanila-des,50
780,-4.513835898552921,vanila-des,50
781,-4.513835898552921,vanila-des,50
782,-4.513835898552921,vanila-des,50
783,-4.513835898552921,vanila-des,50
784,-4.513835898552921,vanila-des,50
785,-4.513835898552921,vanila-des,50
786,-4.513835898552921,vanila-des,50
787,-4.513835898552921,vanila-des,50
788,-4.513835898552921,vanila-des,50
789,-4.513835898552921,vanila-des,50
790,-4.513835898552921,vanila-des,50
791,-4.513835898552921,vanila-des,50
792,-4.513835898552921,vanila-des,50
793,-4.513835898552921,vanila-des,50
794,-4.513835898552921,vanila-des,50
795,-4.513835898552921,vanila-des,50
796,-4.513835898552921,vanila-des,50
797,-4.513835898552921,vanila-des,50
798,-4.513835898552921,vanila-des,50
799,-4.513835898552921,vanila-des,50
800,-4.513835898552921,vanila-des,50
801,-4.513835898552921,vanila-des,50
802,-4.513835898552921,vanila-des,50
803,-4.513835898552921,vanila-des,50
804,-4.513835898552921,vanila-des,50
805,-4.513835898552921,vanila-des,50
806,-4.513835898552921,vanila-des,50
807,-4.513835898552921,vanila-des,50
808,-4.513835898552921,vanila-des,50
809,-4.513835898552921,vanila-des,50
810,-4.513835898552921,vanila-des,50
811,-4.513835898552921,vanila-des,50
812,-4.513835898552921,vanila-des,50
813,-4.513835898552921,vanila-des,50
814,-4.513835898552921,vanila-des,50
815,-4.513835898552921,vanila-des,50
816,-4.513835898552921,vanila-des,50
817,-4.513835898552921,vanila-des,50
818,-4.513835898552921,vanila-des,50
819,-4.513835898552921,vanila-des,50
820,-4.513835898552921,vanila-des,50
821,-4.513835898552921,vanila-des,50
822,-4.513835898552921,vanila-des,50
823,-4.513835898552921,vanila-des,50
824,-4.513835898552921,vanila-des,50
825,-4.513835898552921,vanila-des,50
826,-4.513835898552921,vanila-des,50
827,-4.513835898552921,vanila-des,50
828,-4.513835898552921,vanila-des,50
829,-4.513835898552921,vanila-des,50
830,-4.513835898552921,vanila-des,50
831,-4.513835898552921,vanila-des,50
832,-4.513835898552921,vanila-des,50
833,-4.513835898552921,vanila-des,50
834,-4.513835898552921,vanila-des,50
835,-4.513835898552921,vanila-des,50
836,-4.513835898552921,vanila-des,50
837,-4.513835898552921,vanila-des,50
838,-4.513835898552921,vanila-des,50
839,-4.513835898552921,vanila-des,50
840,-4.513835898552921,vanila-des,50
841,-4.513835898552921,vanila-des,50
842,-4.513835898552921,vanila-des,50
843,-4.513835898552921,vanila-des,50
844,-4.513835898552921,vanila-des,50
845,-4.513835898552921,vanila-des,50
846,-4.513835898552921,vanila-des,50
847,-4.513835898552921,vanila-des,50
848,-4.513835898552921,vanila-des,50
849,-4.513835898552921,vanila-des,50
850,-4.513835898552921,vanila-des,50
851,-4.513835898552921,vanila-des,50
852,-4.513835898552921,vanila-des,50
853,-4.513835898552921,vanila-des,50
854,-4.513835898552921,vanila-des,50
855,-4.513835898552921,vanila-des,50
856,-4.513835898552921,vanila-des,50
857,-4.513835898552921,vanila-des,50
858,-4.513835898552921,vanila-des,50
859,-4.513835898552921,vanila-des,50
860,-4.513835898552921,vanila-des,50
861,-4.513835898552921,vanila-des,50
862,-4.513835898552921,vanila-des,50
863,-4.513835898552921,vanila-des,50
864,-4.513835898552921,vanila-des,50
865,-4.513835898552921,vanila-des,50
866,-4.513835898552921,vanila-des,50
867,-4.513835898552921,vanila-des,50
868,-4.513835898552921,vanila-des,50
869,-4.513835898552921,vanila-des,50
870,-4.513835898552921,vanila-des,50
871,-4.513835898552921,vanila-des,50
872,-4.513835898552921,vanila-des,50
873,-4.513835898552921,vanila-des,50
874,-4.513835898552921,vanila-des,50
875,-4.513835898552921,vanila-des,50
876,-4.513835898552921,vanila-des,50
877,-4.513835898552921,vanila-des,50
878,-4.513835898552921,vanila-des,50
879,-4.513835898552921,vanila-des,50
880,-4.513835898552921,vanila-des,50
881,-4.513835898552921,vanila-des,50
882,-4.513835898552921,vanila-des,50
883,-4.513835898552921,vanila-des,50
884,-4.513835898552921,vanila-des,50
885,-4.513835898552921,vanila-des,50
886,-4.513835898552921,vanila-des,50
887,-4.513835898552921,vanila-des,50
888,-4.513835898552921,vanila-des,50
889,-4.513835898552921,vanila-des,50
890,-4.513835898552921,vanila-des,50
891,-4.513835898552921,vanila-des,50
892,-4.513835898552921,vanila-des,50
893,-4.513835898552921,vanila-des,50
894,-4.513835898552921,vanila-des,50
895,-4.513835898552921,vanila-des,50
896,-4.513835898552921,vanila-des,50
897,-4.513835898552921,vanila-des,50
898,-4.513835898552921,vanila-des,50
899,-4.513835898552921,vanila-des,50
900,-4.513835898552921,vanila-des,50
901,-4.513835898552921,vanila-des,50
902,-4.513835898552921,vanila-des,50
903,-4.513835898552921,vanila-des,50
904,-4.513835898552921,vanila-des,50
905,-4.513835898552921,vanila-des,50
906,-4.513835898552921,vanila-des,50
907,-4.513835898552921,vanila-des,50
908,-4.513835898552921,vanila-des,50
909,-4.513835898552921,vanila-des,50
910,-4.513835898552921,vanila-des,50
911,-4.513835898552921,vanila-des,50
912,-4.513835898552921,vanila-des,50
913,-4.513835898552921,vanila-des,50
914,-4.513835898552921,vanila-des,50
915,-4.513835898552921,vanila-des,50
916,-4.513835898552921,vanila-des,50
917,-4.513835898552921,vanila-des,50
918,-4.513835898552921,vanila-des,50
919,-4.513835898552921,vanila-des,50
920,-4.513835898552921,vanila-des,50
921,-4.513835898552921,vanila-des,50
922,-4.513835898552921,vanila-des,50
923,-4.513835898552921,vanila-des,50
924,-4.513835898552921,vanila-des,50
925,-4.513835898552921,vanila-des,50
926,-4.513835898552921,vanila-des,50
927,-4.513835898552921,vanila-des,50
928,-4.513835898552921,vanila-des,50
929,-4.513835898552921,vanila-des,50
930,-4.513835898552921,vanila-des,50
931,-4.513835898552921,vanila-des,50
932,-4.513835898552921,vanila-des,50
933,-4.513835898552921,vanila-des,50
934,-4.513835898552921,vanila-des,50
935,-4.513835898552921,vanila-des,50
936,-4.513835898552921,vanila-des,50
937,-4.513835898552921,vanila-des,50
938,-4.513835898552921,vanila-des,50
939,-4.513835898552921,vanila-des,50
940,-4.513835898552921,vanila-des,50
941,-4.513835898552921,vanila-des,50
942,-4.513835898552921,vanila-des,50
943,-4.513835898552921,vanila-des,50
944,-4.513835898552921,vanila-des,50
945,-4.513835898552921,vanila-des,50
946,-4.513835898552921,vanila-des,50
947,-4.513835898552921,vanila-des,50
948,-4.513835898552921,vanila-des,50
949,-4.513835898552921,vanila-des,50
950,-4.513835898552921,vanila-des,50
951,-4.513835898552921,vanila-des,50
952,-4.513835898552921,vanila-des,50
953,-4.513835898552921,vanila-des,50
954,-4.513835898552921,vanila-des,50
955,-4.513835898552921,vanila-des,50
956,-4.513835898552921,vanila-des,50
957,-4.513835898552921,vanila-des,50
958,-4.513835898552921,vanila-des,50
959,-4.513835898552921,vanila-des,50
960,-4.513835898552921,vanila-des,50
961,-4.513835898552921,vanila-des,50
962,-4.513835898552921,vanila-des,50
963,-4.513835898552921,vanila-des,50
964,-4.513835898552921,vanila-des,50
965,-4.513835898552921,vanila-des,50
966,-4.513835898552921,vanila-des,50
967,-4.513835898552921,vanila-des,50
968,-4.513835898552921,vanila-des,50
969,-4.513835898552921,vanila-des,50
970,-4.513835898552921,vanila-des,50
971,-4.513835898552921,vanila-des,50
972,-4.513835898552921,vanila-des,50
973,-4.513835898552921,vanila-des,50
974,-4.513835898552921,vanila-des,50
975,-4.513835898552921,vanila-des,50
976,-4.513835898552921,vanila-des,50
977,-4.513835898552921,vanila-des,50
978,-4.513835898552921,vanila-des,50
979,-4.513835898552921,vanila-des,50
980,-4.513835898552921,vanila-des,50
981,-4.513835898552921,vanila-des,50
982,-4.513835898552921,vanila-des,50
983,-4.513835898552921,vanila-des,50
984,-4.513835898552921,vanila-des,50
985,-4.513835898552921,vanila-des,50
986,-4.513835898552921,vanila-des,50
987,-4.513835898552921,vanila-des,50
988,-4.513835898552921,vanila-des,50
989,-4.513835898552921,vanila-des,50
990,-4.513835898552921,vanila-des,50
991,-4.513835898552921,vanila-des,50
992,-4.513835898552921,vanila-des,50
993,-4.513835898552921,vanila-des,50
994,-4.513835898552921,vanila-des,50
995,-4.513835898552921,vanila-des,50
996,-4.513835898552921,vanila-des,50
997,-4.513835898552921,vanila-des,50
998,-4.513835898552921,vanila-des,50
999,-4.513835898552921,vanila-des,50
1000,-4.513835898552921,vanila-des,50
1001,-4.513835898552921,vanila-des,50
1002,-4.513835898552921,vanila-des,50
1003,-4.513835898552921,vanila-des,50
1004,-4.513835898552921,vanila-des,50
1005,-4.513835898552921,vanila-des,50
1006,-4.513835898552921,vanila-des,50
1007,-4.513835898552921,vanila-des,50
1008,-4.545444788032571,vanila-des,50
1009,-4.545444788032571,vanila-des,50
1010,-4.545444788032571,vanila-des,50
1011,-4.545444788032571,vanila-des,50
1012,-4.545444788032571,vanila-des,50
1013,-4.545444788032571,vanila-des,50
1014,-4.545444788032571,vanila-des,50
1015,-4.545444788032571,vanila-des,50
1016,-4.545444788032571,vanila-des,50
1017,-4.545444788032571,vanila-des,50
1018,-4.545444788032571,vanila-des,50
1019,-4.545444788032571,vanila-des,50
1020,-4.545444788032571,vanila-des,50
1021,-4.545444788032571,vanila-des,50
1022,-4.545444788032571,vanila-des,50
1023,-4.545444788032571,vanila-des,50
1024,-4.545444788032571,vanila-des,50
1025,-4.545444788032571,vanila-des,50
1026,-4.545444788032571,vanila-des,50
1027,-4.545444788032571,vanila-des,50
1028,-4.545444788032571,vanila-des,50
1029,-4.545444788032571,vanila-des,50
1030,-4.545444788032571,vanila-des,50
1031,-4.545444788032571,vanila-des,50
1032,-4.545444788032571,vanila-des,50
1033,-4.545444788032571,vanila-des,50
1034,-4.545444788032571,vanila-des,50
1035,-4.545444788032571,vanila-des,50
1036,-4.545444788032571,vanila-des,50
1037,-4.545444788032571,vanila-des,50
1038,-4.545444788032571,vanila-des,50
1039,-4.545444788032571,vanila-des,50
1040,-4.545444788032571,vanila-des,50
1041,-4.545444788032571,vanila-des,50
1042,-4.545444788032571,vanila-des,50
1043,-4.545444788032571,vanila-des,50
1044,-4.545444788032571,vanila-des,50
1045,-4.545444788032571,vanila-des,50
1046,-4.545444788032571,vanila-des,50
1047,-4.545444788032571,vanila-des,50
1048,-4.545444788032571,vanila-des,50
1049,-4.545444788032571,vanila-des,50
1050,-4.545444788032571,vanila-des,50
1051,-4.545444788032571,vanila-des,50
1052,-4.545444788032571,vanila-des,50
1053,-4.545444788032571,vanila-des,50
1054,-4.545444788032571,vanila-des,50
1055,-4.545444788032571,vanila-des,50
1056,-4.545444788032571,vanila-des,50
1057,-4.545444788032571,vanila-des,50
1058,-4.545444788032571,vanila-des,50
1059,-4.545444788032571,vanila-des,50
1060,-4.545444788032571,vanila-des,50
1061,-4.545444788032571,vanila-des,50
1062,-4.545444788032571,vanila-des,50
1063,-4.545444788032571,vanila-des,50
1064,-4.545444788032571,vanila-des,50
1065,-4.545444788032571,vanila-des,50
1066,-4.545444788032571,vanila-des,50
1067,-4.545444788032571,vanila-des,50
1068,-4.545444788032571,vanila-des,50
1069,-4.545444788032571,vanila-des,50
1070,-4.545444788032571,vanila-des,50
1071,-4.545444788032571,vanila-des,50
1072,-4.545444788032571,vanila-des,50
1073,-4.545444788032571,vanila-des,50
1074,-4.545444788032571,vanila-des,50
1075,-4.545444788032571,vanila-des,50
1076,-4.545444788032571,vanila-des,50
1077,-4.545444788032571,vanila-des,50
1078,-4.545444788032571,vanila-des,50
1079,-4.545444788032571,vanila-des,50
1080,-4.545444788032571,vanila-des,50
1081,-4.545444788032571,vanila-des,50
1082,-4.545444788032571,vanila-des,50
1083,-4.545444788032571,vanila-des,50
1084,-4.545444788032571,vanila-des,50
1085,-4.545444788032571,vanila-des,50
1086,-4.545444788032571,vanila-des,50
1087,-4.545444788032571,vanila-des,50
1088,-4.545444788032571,vanila-des,50
1089,-4.545444788032571,vanila-des,50
1090,-4.545444788032571,vanila-des,50
1091,-4.545444788032571,vanila-des,50
1092,-4.545444788032571,vanila-des,50
1093,-4.545444788032571,vanila-des,50
1094,-4.545444788032571,vanila-des,50
1095,-4.545444788032571,vanila-des,50
1096,-4.545444788032571,vanila-des,50
1097,-4.545444788032571,vanila-des,50
1098,-4.545444788032571,vanila-des,50
1099,-4.545444788032571,vanila-des,50
1100,-4.545444788032571,vanila-des,50
1101,-4.545444788032571,vanila-des,50
1102,-4.545444788032571,vanila-des,50
1103,-4.545444788032571,vanila-des,50
1104,-4.545444788032571,vanila-des,50
1105,-4.545444788032571,vanila-des,50
1106,-4.545444788032571,vanila-des,50
1107,-4.545444788032571,vanila-des,50
1108,-4.545444788032571,vanila-des,50
1109,-4.545444788032571,vanila-des,50
1110,-4.545444788032571,vanila-des,50
1111,-4.545444788032571,vanila-des,50
1112,-4.545444788032571,vanila-des,50
1113,-4.545444788032571,vanila-des,50
1114,-4.545444788032571,vanila-des,50
1115,-4.545444788032571,vanila-des,50
1116,-4.545444788032571,vanila-des,50
1117,-4.545444788032571,vanila-des,50
1118,-4.545444788032571,vanila-des,50
1119,-4.545444788032571,vanila-des,50
1120,-4.545444788032571,vanila-des,50
1121,-4.545444788032571,vanila-des,50
1122,-4.545444788032571,vanila-des,50
1123,-4.545444788032571,vanila-des,50
1124,-4.545444788032571,vanila-des,50
1125,-4.545444788032571,vanila-des,50
1126,-4.545444788032571,vanila-des,50
1127,-4.545444788032571,vanila-des,50
1128,-4.545444788032571,vanila-des,50
1129,-4.545444788032571,vanila-des,50
1130,-4.545444788032571,vanila-des,50
1131,-4.545444788032571,vanila-des,50
1132,-4.545444788032571,vanila-des,50
1133,-4.545444788032571,vanila-des,50
1134,-4.545444788032571,vanila-des,50
1135,-4.545444788032571,vanila-des,50
1136,-4.545444788032571,vanila-des,50
1137,-4.545444788032571,vanila-des,50
1138,-4.545444788032571,vanila-des,50
1139,-4.545444788032571,vanila-des,50
1140,-4.545444788032571,vanila-des,50
1141,-4.545444788032571,vanila-des,50
1142,-4.545444788032571,vanila-des,50
1143,-4.545444788032571,vanila-des,50
1144,-4.545444788032571,vanila-des,50
1145,-4.545444788032571,vanila-des,50
1146,-4.545444788032571,vanila-des,50
1147,-4.545444788032571,vanila-des,50
1148,-4.545444788032571,vanila-des,50
1149,-4.545444788032571,vanila-des,50
1150,-4.545444788032571,vanila-des,50
1151,-4.545444788032571,vanila-des,50
1152,-4.545444788032571,vanila-des,50
1153,-4.545444788032571,vanila-des,50
1154,-4.545444788032571,vanila-des,50
1155,-4.545444788032571,vanila-des,50
1156,-4.545444788032571,vanila-des,50
1157,-4.545444788032571,vanila-des,50
1158,-4.545444788032571,vanila-des,50
1159,-4.545444788032571,vanila-des,50
1160,-4.545444788032571,vanila-des,50
1161,-4.545444788032571,vanila-des,50
1162,-4.545444788032571,vanila-des,50
1163,-4.545444788032571,vanila-des,50
1164,-4.545444788032571,vanila-des,50
1165,-4.545444788032571,vanila-des,50
1166,-4.545444788032571,vanila-des,50
1167,-4.545444788032571,vanila-des,50
1168,-4.545444788032571,vanila-des,50
1169,-4.545444788032571,vanila-des,50
1170,-4.545444788032571,vanila-des,50
1171,-4.545444788032571,vanila-des,50
1172,-4.545444788032571,vanila-des,50
1173,-4.545444788032571,vanila-des,50
1174,-4.545444788032571,vanila-des,50
1175,-4.545444788032571,vanila-des,50
1176,-4.545444788032571,vanila-des,50
1177,-4.545444788032571,vanila-des,50
1178,-4.545444788032571,vanila-des,50
1179,-4.545444788032571,vanila-des,50
1180,-4.545444788032571,vanila-des,50
1181,-4.545444788032571,vanila-des,50
1182,-4.545444788032571,vanila-des,50
1183,-4.545444788032571,vanila-des,50
1184,-4.545444788032571,vanila-des,50
1185,-4.545444788032571,vanila-des,50
1186,-4.545444788032571,vanila-des,50
1187,-4.545444788032571,vanila-des,50
1188,-4.545444788032571,vanila-des,50
1189,-4.545444788032571,vanila-des,50
1190,-4.545444788032571,vanila-des,50
1191,-4.545444788032571,vanila-des,50
1192,-4.545444788032571,vanila-des,50
1193,-4.545444788032571,vanila-des,50
1194,-4.545444788032571,vanila-des,50
1195,-4.545444788032571,vanila-des,50
1196,-4.545444788032571,vanila-des,50
1197,-4.545444788032571,vanila-des,50
1198,-4.545444788032571,vanila-des,50
1199,-4.545444788032571,vanila-des,50
1200,-4.545444788032571,vanila-des,50
1201,-4.545444788032571,vanila-des,50
1202,-4.545444788032571,vanila-des,50
1203,-4.545444788032571,vanila-des,50
1204,-4.545444788032571,vanila-des,50
1205,-4.545444788032571,vanila-des,50
1206,-4.545444788032571,vanila-des,50
1207,-4.545444788032571,vanila-des,50
1208,-4.545444788032571,vanila-des,50
1209,-4.545444788032571,vanila-des,50
1210,-4.545444788032571,vanila-des,50
1211,-4.545444788032571,vanila-des,50
1212,-4.545444788032571,vanila-des,50
1213,-4.545444788032571,vanila-des,50
1214,-4.545444788032571,vanila-des,50
1215,-4.545444788032571,vanila-des,50
1216,-4.545444788032571,vanila-des,50
1217,-4.545444788032571,vanila-des,50
1218,-4.545444788032571,vanila-des,50
1219,-4.545444788032571,vanila-des,50
1220,-4.545444788032571,vanila-des,50
1221,-4.545444788032571,vanila-des,50
1222,-4.545444788032571,vanila-des,50
1223,-4.545444788032571,vanila-des,50
1224,-4.545444788032571,vanila-des,50
1225,-4.545444788032571,vanila-des,50
1226,-4.545444788032571,vanila-des,50
1227,-4.545444788032571,vanila-des,50
1228,-4.545444788032571,vanila-des,50
1229,-4.545444788032571,vanila-des,50
1230,-4.545444788032571,vanila-des,50
1231,-4.545444788032571,vanila-des,50
1232,-4.545444788032571,vanila-des,50
1233,-4.545444788032571,vanila-des,50
1234,-4.545444788032571,vanila-des,50
1235,-4.545444788032571,vanila-des,50
1236,-4.545444788032571,vanila-des,50
1237,-4.545444788032571,vanila-des,50
1238,-4.545444788032571,vanila-des,50
1239,-4.545444788032571,vanila-des,50
1240,-4.545444788032571,vanila-des,50
1241,-4.545444788032571,vanila-des,50
1242,-4.545444788032571,vanila-des,50
1243,-4.545444788032571,vanila-des,50
1244,-4.545444788032571,vanila-des,50
1245,-4.545444788032571,vanila-des,50
1246,-4.545444788032571,vanila-des,50
1247,-4.545444788032571,vanila-des,50
1248,-4.545444788032571,vanila-des,50
1249,-4.545444788032571,vanila-des,50
1250,-4.545444788032571,vanila-des,50
1251,-4.545444788032571,vanila-des,50
1252,-4.545444788032571,vanila-des,50
1253,-4.545444788032571,vanila-des,50
1254,-4.545444788032571,vanila-des,50
1255,-4.545444788032571,vanila-des,50
1256,-4.545444788032571,vanila-des,50
1257,-4.545444788032571,vanila-des,50
1258,-4.545444788032571,vanila-des,50
1259,-4.545444788032571,vanila-des,50
1260,-4.545444788032571,vanila-des,50
1261,-4.545444788032571,vanila-des,50
1262,-4.545444788032571,vanila-des,50
1263,-4.545444788032571,vanila-des,50
1264,-4.545444788032571,vanila-des,50
1265,-4.545444788032571,vanila-des,50
1266,-4.545444788032571,vanila-des,50
1267,-4.545444788032571,vanila-des,50
1268,-4.545444788032571,vanila-des,50
1269,-4.545444788032571,vanila-des,50
1270,-4.545444788032571,vanila-des,50
1271,-4.545444788032571,vanila-des,50
1272,-4.545444788032571,vanila-des,50
1273,-4.545444788032571,vanila-des,50
1274,-4.545444788032571,vanila-des,50
1275,-4.545444788032571,vanila-des,50
1276,-4.545444788032571,vanila-des,50
1277,-4.545444788032571,vanila-des,50
1278,-4.545444788032571,vanila-des,50
1279,-4.545444788032571,vanila-des,50
1280,-4.545444788032571,vanila-des,50
1281,-4.545444788032571,vanila-des,50
1282,-4.545444788032571,vanila-des,50
1283,-4.545444788032571,vanila-des,50
1284,-4.545444788032571,vanila-des,50
1285,-4.545444788032571,vanila-des,50
1286,-4.545444788032571,vanila-des,50
1287,-4.545444788032571,vanila-des,50
1288,-4.545444788032571,vanila-des,50
1289,-4.545444788032571,vanila-des,50
1290,-4.545444788032571,vanila-des,50
1291,-4.545444788032571,vanila-des,50
1292,-4.545444788032571,vanila-des,50
1293,-4.545444788032571,vanila-des,50
1294,-4.545444788032571,vanila-des,50
1295,-4.545444788032571,vanila-des,50
1296,-4.545444788032571,vanila-des,50
1297,-4.545444788032571,vanila-des,50
1298,-4.545444788032571,vanila-des,50
1299,-4.545444788032571,vanila-des,50
1300,-4.545444788032571,vanila-des,50
1301,-4.545444788032571,vanila-des,50
1302,-4.545444788032571,vanila-des,50
1303,-4.545444788032571,vanila-des,50
1304,-4.545444788032571,vanila-des,50
1305,-4.545444788032571,vanila-des,50
1306,-4.545444788032571,vanila-des,50
1307,-4.545444788032571,vanila-des,50
1308,-4.545444788032571,vanila-des,50
1309,-4.545444788032571,vanila-des,50
1310,-4.545444788032571,vanila-des,50
1311,-4.545444788032571,vanila-des,50
1312,-4.545444788032571,vanila-des,50
1313,-4.545444788032571,vanila-des,50
1314,-4.545444788032571,vanila-des,50
1315,-4.545444788032571,vanila-des,50
1316,-4.545444788032571,vanila-des,50
1317,-4.545444788032571,vanila-des,50
1318,-4.545444788032571,vanila-des,50
1319,-4.545444788032571,vanila-des,50
1320,-4.545444788032571,vanila-des,50
1321,-4.545444788032571,vanila-des,50
1322,-4.545444788032571,vanila-des,50
1323,-4.545444788032571,vanila-des,50
1324,-4.545444788032571,vanila-des,50
1325,-4.545444788032571,vanila-des,50
1326,-4.545444788032571,vanila-des,50
1327,-4.545444788032571,vanila-des,50
1328,-4.545444788032571,vanila-des,50
1329,-4.545444788032571,vanila-des,50
1330,-4.545444788032571,vanila-des,50
1331,-4.545444788032571,vanila-des,50
1332,-4.545444788032571,vanila-des,50
1333,-4.545444788032571,vanila-des,50
1334,-4.545444788032571,vanila-des,50
1335,-4.545444788032571,vanila-des,50
1336,-4.545444788032571,vanila-des,50
1337,-4.545444788032571,vanila-des,50
1338,-4.545444788032571,vanila-des,50
1339,-4.545444788032571,vanila-des,50
1340,-4.545444788032571,vanila-des,50
1341,-4.545444788032571,vanila-des,50
1342,-4.545444788032571,vanila-des,50
1343,-4.545444788032571,vanila-des,50
1344,-4.545444788032571,vanila-des,50
1345,-4.545444788032571,vanila-des,50
1346,-4.545444788032571,vanila-des,50
1347,-4.545444788032571,vanila-des,50
1348,-4.545444788032571,vanila-des,50
1349,-4.545444788032571,vanila-des,50
1350,-4.545444788032571,vanila-des,50
1351,-4.545444788032571,vanila-des,50
1352,-4.545444788032571,vanila-des,50
1353,-4.545444788032571,vanila-des,50
1354,-4.545444788032571,vanila-des,50
1355,-4.545444788032571,vanila-des,50
1356,-4.545444788032571,vanila-des,50
1357,-4.545444788032571,vanila-des,50
1358,-4.545444788032571,vanila-des,50
1359,-4.545444788032571,vanila-des,50
1360,-4.545444788032571,vanila-des,50
1361,-4.545444788032571,vanila-des,50
1362,-4.545444788032571,vanila-des,50
1363,-4.545444788032571,vanila-des,50
1364,-4.545444788032571,vanila-des,50
1365,-4.545444788032571,vanila-des,50
1366,-4.545444788032571,vanila-des,50
1367,-4.545444788032571,vanila-des,50
1368,-4.545444788032571,vanila-des,50
1369,-4.545444788032571,vanila-des,50
1370,-4.545444788032571,vanila-des,50
1371,-4.545444788032571,vanila-des,50
1372,-4.545444788032571,vanila-des,50
1373,-4.545444788032571,vanila-des,50
1374,-4.545444788032571,vanila-des,50
1375,-4.545444788032571,vanila-des,50
1376,-4.545444788032571,vanila-des,50
1377,-4.545444788032571,vanila-des,50
1378,-4.545444788032571,vanila-des,50
1379,-4.545444788032571,vanila-des,50
1380,-4.545444788032571,vanila-des,50
1381,-4.545444788032571,vanila-des,50
1382,-4.545444788032571,vanila-des,50
1383,-4.545444788032571,vanila-des,50
1384,-4.545444788032571,vanila-des,50
1385,-4.545444788032571,vanila-des,50
1386,-4.545444788032571,vanila-des,50
1387,-4.545444788032571,vanila-des,50
1388,-4.545444788032571,vanila-des,50
1389,-4.545444788032571,vanila-des,50
1390,-4.545444788032571,vanila-des,50
1391,-4.545444788032571,vanila-des,50
1392,-4.545444788032571,vanila-des,50
1393,-4.545444788032571,vanila-des,50
1394,-4.545444788032571,vanila-des,50
1395,-4.545444788032571,vanila-des,50
1396,-4.545444788032571,vanila-des,50
1397,-4.545444788032571,vanila-des,50
1398,-4.545444788032571,vanila-des,50
1399,-4.545444788032571,vanila-des,50
1400,-4.545444788032571,vanila-des,50
1401,-4.545444788032571,vanila-des,50
1402,-4.545444788032571,vanila-des,50
1403,-4.545444788032571,vanila-des,50
1404,-4.545444788032571,vanila-des,50
1405,-4.545444788032571,vanila-des,50
1406,-4.545444788032571,vanila-des,50
1407,-4.545444788032571,vanila-des,50
1408,-4.545444788032571,vanila-des,50
1409,-4.545444788032571,vanila-des,50
1410,-4.545444788032571,vanila-des,50
1411,-4.545444788032571,vanila-des,50
1412,-4.545444788032571,vanila-des,50
1413,-4.545444788032571,vanila-des,50
1414,-4.545444788032571,vanila-des,50
1415,-4.545444788032571,vanila-des,50
1416,-4.545444788032571,vanila-des,50
1417,-4.545444788032571,vanila-des,50
1418,-4.545444788032571,vanila-des,50
1419,-4.545444788032571,vanila-des,50
1420,-4.545444788032571,vanila-des,50
1421,-4.545444788032571,vanila-des,50
1422,-4.545444788032571,vanila-des,50
1423,-4.545444788032571,vanila-des,50
1424,-4.545444788032571,vanila-des,50
1425,-4.545444788032571,vanila-des,50
1426,-4.545444788032571,vanila-des,50
1427,-4.545444788032571,vanila-des,50
1428,-4.545444788032571,vanila-des,50
1429,-4.545444788032571,vanila-des,50
1430,-4.545444788032571,vanila-des,50
1431,-4.545444788032571,vanila-des,50
1432,-4.545444788032571,vanila-des,50
1433,-4.545444788032571,vanila-des,50
1434,-4.545444788032571,vanila-des,50
1435,-4.545444788032571,vanila-des,50
1436,-4.545444788032571,vanila-des,50
1437,-4.545444788032571,vanila-des,50
1438,-4.545444788032571,vanila-des,50
1439,-4.545444788032571,vanila-des,50
1440,-4.545444788032571,vanila-des,50
1441,-4.545444788032571,vanila-des,50
1442,-4.545444788032571,vanila-des,50
1443,-4.545444788032571,vanila-des,50
1444,-4.545444788032571,vanila-des,50
1445,-4.545444788032571,vanila-des,50
1446,-4.545444788032571,vanila-des,50
1447,-4.545444788032571,vanila-des,50
1448,-4.545444788032571,vanila-des,50
1449,-4.545444788032571,vanila-des,50
1450,-4.545444788032571,vanila-des,50
1451,-4.545444788032571,vanila-des,50
1452,-4.545444788032571,vanila-des,50
1453,-4.545444788032571,vanila-des,50
1454,-4.545444788032571,vanila-des,50
1455,-4.545444788032571,vanila-des,50
1456,-4.545444788032571,vanila-des,50
1457,-4.545444788032571,vanila-des,50
1458,-4.545444788032571,vanila-des,50
1459,-4.545444788032571,vanila-des,50
1460,-4.545444788032571,vanila-des,50
1461,-4.545444788032571,vanila-des,50
1462,-4.545444788032571,vanila-des,50
1463,-4.545444788032571,vanila-des,50
1464,-4.545444788032571,vanila-des,50
1465,-4.545444788032571,vanila-des,50
1466,-4.545444788032571,vanila-des,50
1467,-4.545444788032571,vanila-des,50
1468,-4.545444788032571,vanila-des,50
1469,-4.545444788032571,vanila-des,50
1470,-4.545444788032571,vanila-des,50
1471,-4.545444788032571,vanila-des,50
1472,-4.545444788032571,vanila-des,50
1473,-4.545444788032571,vanila-des,50
1474,-4.545444788032571,vanila-des,50
1475,-4.545444788032571,vanila-des,50
1476,-4.545444788032571,vanila-des,50
1477,-4.545444788032571,vanila-des,50
1478,-4.545444788032571,vanila-des,50
1479,-4.545444788032571,vanila-des,50
1480,-4.545444788032571,vanila-des,50
1481,-4.545444788032571,vanila-des,50
1482,-4.545444788032571,vanila-des,50
1483,-4.545444788032571,vanila-des,50
1484,-4.545444788032571,vanila-des,50
1485,-4.545444788032571,vanila-des,50
1486,-4.545444788032571,vanila-des,50
1487,-4.545444788032571,vanila-des,50
1488,-4.545444788032571,vanila-des,50
1489,-4.545444788032571,vanila-des,50
1490,-4.545444788032571,vanila-des,50
1491,-4.545444788032571,vanila-des,50
1492,-4.545444788032571,vanila-des,50
1493,-4.545444788032571,vanila-des,50
1494,-4.545444788032571,vanila-des,50
1495,-4.545444788032571,vanila-des,50
1496,-4.545444788032571,vanila-des,50
1497,-4.545444788032571,vanila-des,50
1498,-4.545444788032571,vanila-des,50
1499,-4.545444788032571,vanila-des,50
1500,-4.545444788032571,vanila-des,50
1501,-4.545444788032571,vanila-des,50
1502,-4.545444788032571,vanila-des,50
1503,-4.545444788032571,vanila-des,50
1504,-4.545444788032571,vanila-des,50
1505,-4.545444788032571,vanila-des,50
1506,-4.545444788032571,vanila-des,50
1507,-4.545444788032571,vanila-des,50
1508,-4.545444788032571,vanila-des,50
1509,-4.545444788032571,vanila-des,50
1510,-4.545444788032571,vanila-des,50
1511,-4.545444788032571,vanila-des,50
1512,-4.545444788032571,vanila-des,50
1513,-4.545444788032571,vanila-des,50
1514,-4.545444788032571,vanila-des,50
1515,-4.545444788032571,vanila-des,50
1516,-4.545444788032571,vanila-des,50
1517,-4.545444788032571,vanila-des,50
1518,-4.545444788032571,vanila-des,50
1519,-4.545444788032571,vanila-des,50
1520,-4.545444788032571,vanila-des,50
1521,-4.545444788032571,vanila-des,50
1522,-4.545444788032571,vanila-des,50
1523,-4.545444788032571,vanila-des,50
1524,-4.545444788032571,vanila-des,50
1525,-4.545444788032571,vanila-des,50
1526,-4.545444788032571,vanila-des,50
1527,-4.545444788032571,vanila-des,50
1528,-4.545444788032571,vanila-des,50
1529,-4.545444788032571,vanila-des,50
1530,-4.545444788032571,vanila-des,50
1531,-4.545444788032571,vanila-des,50
1532,-4.545444788032571,vanila-des,50
1533,-4.545444788032571,vanila-des,50
1534,-4.545444788032571,vanila-des,50
1535,-4.545444788032571,vanila-des,50
1536,-4.545444788032571,vanila-des,50
1537,-4.545444788032571,vanila-des,50
1538,-4.545444788032571,vanila-des,50
1539,-4.545444788032571,vanila-des,50
1540,-4.545444788032571,vanila-des,50
1541,-4.545444788032571,vanila-des,50
1542,-4.545444788032571,vanila-des,50
1543,-4.545444788032571,vanila-des,50
1544,-4.545444788032571,vanila-des,50
1545,-4.545444788032571,vanila-des,50
1546,-4.545444788032571,vanila-des,50
1547,-4.545444788032571,vanila-des,50
1548,-4.545444788032571,vanila-des,50
1549,-4.545444788032571,vanila-des,50
1550,-4.545444788032571,vanila-des,50
1551,-4.545444788032571,vanila-des,50
1552,-4.545444788032571,vanila-des,50
1553,-4.545444788032571,vanila-des,50
1554,-4.545444788032571,vanila-des,50
1555,-4.545444788032571,vanila-des,50
1556,-4.545444788032571,vanila-des,50
1557,-4.545444788032571,vanila-des,50
1558,-4.545444788032571,vanila-des,50
1559,-4.545444788032571,vanila-des,50
1560,-4.545444788032571,vanila-des,50
1561,-4.545444788032571,vanila-des,50
1562,-4.545444788032571,vanila-des,50
1563,-4.545444788032571,vanila-des,50
1564,-4.545444788032571,vanila-des,50
1565,-4.545444788032571,vanila-des,50
1566,-4.545444788032571,vanila-des,50
1567,-4.545444788032571,vanila-des,50
1568,-4.545444788032571,vanila-des,50
1569,-4.545444788032571,vanila-des,50
1570,-4.545444788032571,vanila-des,50
1571,-4.545444788032571,vanila-des,50
1572,-4.545444788032571,vanila-des,50
1573,-4.545444788032571,vanila-des,50
1574,-4.545444788032571,vanila-des,50
1575,-4.545444788032571,vanila-des,50
1576,-4.545444788032571,vanila-des,50
1577,-4.545444788032571,vanila-des,50
1578,-4.545444788032571,vanila-des,50
1579,-4.545444788032571,vanila-des,50
1580,-4.545444788032571,vanila-des,50
1581,-4.545444788032571,vanila-des,50
1582,-4.545444788032571,vanila-des,50
1583,-4.545444788032571,vanila-des,50
1584,-4.545444788032571,vanila-des,50
1585,-4.545444788032571,vanila-des,50
1586,-4.545444788032571,vanila-des,50
1587,-4.545444788032571,vanila-des,50
1588,-4.545444788032571,vanila-des,50
1589,-4.545444788032571,vanila-des,50
1590,-4.545444788032571,vanila-des,50
1591,-4.545444788032571,vanila-des,50
1592,-4.545444788032571,vanila-des,50
1593,-4.545444788032571,vanila-des,50
1594,-4.545444788032571,vanila-des,50
1595,-4.545444788032571,vanila-des,50
1596,-4.545444788032571,vanila-des,50
1597,-4.545444788032571,vanila-des,50
1598,-4.545444788032571,vanila-des,50
1599,-4.545444788032571,vanila-des,50
1600,-4.545444788032571,vanila-des,50
1601,-4.545444788032571,vanila-des,50
1602,-4.545444788032571,vanila-des,50
1603,-4.545444788032571,vanila-des,50
1604,-4.545444788032571,vanila-des,50
1605,-4.545444788032571,vanila-des,50
1606,-4.545444788032571,vanila-des,50
1607,-4.545444788032571,vanila-des,50
1608,-4.545444788032571,vanila-des,50
1609,-4.545444788032571,vanila-des,50
1610,-4.545444788032571,vanila-des,50
1611,-4.545444788032571,vanila-des,50
1612,-4.545444788032571,vanila-des,50
1613,-4.545444788032571,vanila-des,50
1614,-4.545444788032571,vanila-des,50
1615,-4.545444788032571,vanila-des,50
1616,-4.545444788032571,vanila-des,50
1617,-4.545444788032571,vanila-des,50
1618,-4.545444788032571,vanila-des,50
1619,-4.545444788032571,vanila-des,50
1620,-4.545444788032571,vanila-des,50
1621,-4.545444788032571,vanila-des,50
1622,-4.545444788032571,vanila-des,50
1623,-4.545444788032571,vanila-des,50
1624,-4.545444788032571,vanila-des,50
1625,-4.545444788032571,vanila-des,50
1626,-4.545444788032571,vanila-des,50
1627,-4.545444788032571,vanila-des,50
1628,-4.545444788032571,vanila-des,50
1629,-4.545444788032571,vanila-des,50
1630,-4.545444788032571,vanila-des,50
1631,-4.545444788032571,vanila-des,50
1632,-4.545444788032571,vanila-des,50
1633,-4.545444788032571,vanila-des,50
1634,-4.545444788032571,vanila-des,50
1635,-4.545444788032571,vanila-des,50
1636,-4.545444788032571,vanila-des,50
1637,-4.545444788032571,vanila-des,50
1638,-4.545444788032571,vanila-des,50
1639,-4.545444788032571,vanila-des,50
1640,-4.545444788032571,vanila-des,50
1641,-4.545444788032571,vanila-des,50
1642,-4.545444788032571,vanila-des,50
1643,-4.545444788032571,vanila-des,50
1644,-4.545444788032571,vanila-des,50
1645,-4.545444788032571,vanila-des,50
1646,-4.545444788032571,vanila-des,50
1647,-4.545444788032571,vanila-des,50
1648,-4.545444788032571,vanila-des,50
1649,-4.545444788032571,vanila-des,50
1650,-4.545444788032571,vanila-des,50
1651,-4.545444788032571,vanila-des,50
1652,-4.545444788032571,vanila-des,50
1653,-4.545444788032571,vanila-des,50
1654,-4.545444788032571,vanila-des,50
1655,-4.545444788032571,vanila-des,50
1656,-4.545444788032571,vanila-des,50
1657,-4.545444788032571,vanila-des,50
1658,-4.545444788032571,vanila-des,50
1659,-4.545444788032571,vanila-des,50
1660,-4.545444788032571,vanila-des,50
1661,-4.545444788032571,vanila-des,50
1662,-4.545444788032571,vanila-des,50
1663,-4.545444788032571,vanila-des,50
1664,-4.545444788032571,vanila-des,50
1665,-4.545444788032571,vanila-des,50
1666,-4.545444788032571,vanila-des,50
1667,-4.545444788032571,vanila-des,50
1668,-4.545444788032571,vanila-des,50
1669,-4.545444788032571,vanila-des,50
1670,-4.545444788032571,vanila-des,50
1671,-4.545444788032571,vanila-des,50
1672,-4.545444788032571,vanila-des,50
1673,-4.545444788032571,vanila-des,50
1674,-4.545444788032571,vanila-des,50
1675,-4.545444788032571,vanila-des,50
1676,-4.545444788032571,vanila-des,50
1677,-4.545444788032571,vanila-des,50
1678,-4.545444788032571,vanila-des,50
1679,-4.545444788032571,vanila-des,50
1680,-4.545444788032571,vanila-des,50
1681,-4.545444788032571,vanila-des,50
1682,-4.545444788032571,vanila-des,50
1683,-4.545444788032571,vanila-des,50
1684,-4.545444788032571,vanila-des,50
1685,-4.545444788032571,vanila-des,50
1686,-4.545444788032571,vanila-des,50
1687,-4.545444788032571,vanila-des,50
1688,-4.545444788032571,vanila-des,50
1689,-4.545444788032571,vanila-des,50
1690,-4.545444788032571,vanila-des,50
1691,-4.545444788032571,vanila-des,50
1692,-4.545444788032571,vanila-des,50
1693,-4.545444788032571,vanila-des,50
1694,-4.545444788032571,vanila-des,50
1695,-4.545444788032571,vanila-des,50
1696,-4.545444788032571,vanila-des,50
1697,-4.545444788032571,vanila-des,50
1698,-4.545444788032571,vanila-des,50
1699,-4.545444788032571,vanila-des,50
1700,-4.545444788032571,vanila-des,50
1701,-4.545444788032571,vanila-des,50
1702,-4.545444788032571,vanila-des,50
1703,-4.545444788032571,vanila-des,50
1704,-4.545444788032571,vanila-des,50
1705,-4.545444788032571,vanila-des,50
1706,-4.545444788032571,vanila-des,50
1707,-4.545444788032571,vanila-des,50
1708,-4.545444788032571,vanila-des,50
1709,-4.545444788032571,vanila-des,50
1710,-4.545444788032571,vanila-des,50
1711,-4.545444788032571,vanila-des,50
1712,-4.545444788032571,vanila-des,50
1713,-4.545444788032571,vanila-des,50
1714,-4.545444788032571,vanila-des,50
1715,-4.545444788032571,vanila-des,50
1716,-4.545444788032571,vanila-des,50
1717,-4.545444788032571,vanila-des,50
1718,-4.545444788032571,vanila-des,50
1719,-4.545444788032571,vanila-des,50
1720,-4.545444788032571,vanila-des,50
1721,-4.545444788032571,vanila-des,50
1722,-4.545444788032571,vanila-des,50
1723,-4.545444788032571,vanila-des,50
1724,-4.545444788032571,vanila-des,50
1725,-4.545444788032571,vanila-des,50
1726,-4.545444788032571,vanila-des,50
1727,-4.545444788032571,vanila-des,50
1728,-4.545444788032571,vanila-des,50
1729,-4.545444788032571,vanila-des,50
1730,-4.545444788032571,vanila-des,50
1731,-4.545444788032571,vanila-des,50
1732,-4.545444788032571,vanila-des,50
1733,-4.545444788032571,vanila-des,50
1734,-4.545444788032571,vanila-des,50
1735,-4.545444788032571,vanila-des,50
1736,-4.545444788032571,vanila-des,50
1737,-4.545444788032571,vanila-des,50
1738,-4.545444788032571,vanila-des,50
1739,-4.545444788032571,vanila-des,50
1740,-4.545444788032571,vanila-des,50
1741,-4.545444788032571,vanila-des,50
1742,-4.545444788032571,vanila-des,50
1743,-4.545444788032571,vanila-des,50
1744,-4.545444788032571,vanila-des,50
1745,-4.545444788032571,vanila-des,50
1746,-4.545444788032571,vanila-des,50
1747,-4.545444788032571,vanila-des,50
1748,-4.545444788032571,vanila-des,50
1749,-4.545444788032571,vanila-des,50
1750,-4.545444788032571,vanila-des,50
1751,-4.545444788032571,vanila-des,50
1752,-4.545444788032571,vanila-des,50
1753,-4.545444788032571,vanila-des,50
1754,-4.545444788032571,vanila-des,50
1755,-4.545444788032571,vanila-des,50
1756,-4.545444788032571,vanila-des,50
1757,-4.545444788032571,vanila-des,50
1758,-4.545444788032571,vanila-des,50
1759,-4.545444788032571,vanila-des,50
1760,-4.545444788032571,vanila-des,50
1761,-4.545444788032571,vanila-des,50
1762,-4.545444788032571,vanila-des,50
1763,-4.545444788032571,vanila-des,50
1764,-4.545444788032571,vanila-des,50
1765,-4.545444788032571,vanila-des,50
1766,-4.545444788032571,vanila-des,50
1767,-4.545444788032571,vanila-des,50
1768,-4.545444788032571,vanila-des,50
1769,-4.545444788032571,vanila-des,50
1770,-4.545444788032571,vanila-des,50
1771,-4.545444788032571,vanila-des,50
1772,-4.545444788032571,vanila-des,50
1773,-4.545444788032571,vanila-des,50
1774,-4.545444788032571,vanila-des,50
1775,-4.545444788032571,vanila-des,50
1776,-4.545444788032571,vanila-des,50
1777,-4.545444788032571,vanila-des,50
1778,-4.545444788032571,vanila-des,50
1779,-4.545444788032571,vanila-des,50
1780,-4.545444788032571,vanila-des,50
1781,-4.545444788032571,vanila-des,50
1782,-4.545444788032571,vanila-des,50
1783,-4.545444788032571,vanila-des,50
1784,-4.545444788032571,vanila-des,50
1785,-4.545444788032571,vanila-des,50
1786,-4.545444788032571,vanila-des,50
1787,-4.545444788032571,vanila-des,50
1788,-4.545444788032571,vanila-des,50
1789,-4.545444788032571,vanila-des,50
1790,-4.545444788032571,vanila-des,50
1791,-4.545444788032571,vanila-des,50
1792,-4.545444788032571,vanila-des,50
1793,-4.545444788032571,vanila-des,50
1794,-4.545444788032571,vanila-des,50
1795,-4.545444788032571,vanila-des,50
1796,-4.545444788032571,vanila-des,50
1797,-4.545444788032571,vanila-des,50
1798,-4.545444788032571,vanila-des,50
1799,-4.545444788032571,vanila-des,50
1800,-4.545444788032571,vanila-des,50
1801,-4.545444788032571,vanila-des,50
1802,-4.545444788032571,vanila-des,50
1803,-4.545444788032571,vanila-des,50
1804,-4.545444788032571,vanila-des,50
1805,-4.545444788032571,vanila-des,50
1806,-4.545444788032571,vanila-des,50
1807,-4.545444788032571,vanila-des,50
1808,-4.545444788032571,vanila-des,50
1809,-4.545444788032571,vanila-des,50
1810,-4.545444788032571,vanila-des,50
1811,-4.545444788032571,vanila-des,50
1812,-4.545444788032571,vanila-des,50
1813,-4.545444788032571,vanila-des,50
1814,-4.545444788032571,vanila-des,50
1815,-4.545444788032571,vanila-des,50
1816,-4.545444788032571,vanila-des,50
1817,-4.545444788032571,vanila-des,50
1818,-4.545444788032571,vanila-des,50
1819,-4.545444788032571,vanila-des,50
1820,-4.545444788032571,vanila-des,50
1821,-4.545444788032571,vanila-des,50
1822,-4.545444788032571,vanila-des,50
1823,-4.545444788032571,vanila-des,50
1824,-4.545444788032571,vanila-des,50
1825,-4.545444788032571,vanila-des,50
1826,-4.545444788032571,vanila-des,50
1827,-4.545444788032571,vanila-des,50
1828,-4.545444788032571,vanila-des,50
1829,-4.545444788032571,vanila-des,50
1830,-4.545444788032571,vanila-des,50
1831,-4.545444788032571,vanila-des,50
1832,-4.545444788032571,vanila-des,50
1833,-4.545444788032571,vanila-des,50
1834,-4.545444788032571,vanila-des,50
1835,-4.545444788032571,vanila-des,50
1836,-4.545444788032571,vanila-des,50
1837,-4.545444788032571,vanila-des,50
1838,-4.545444788032571,vanila-des,50
1839,-4.545444788032571,vanila-des,50
1840,-4.545444788032571,vanila-des,50
1841,-4.545444788032571,vanila-des,50
1842,-4.545444788032571,vanila-des,50
1843,-4.545444788032571,vanila-des,50
1844,-4.545444788032571,vanila-des,50
1845,-4.545444788032571,vanila-des,50
1846,-4.545444788032571,vanila-des,50
1847,-4.545444788032571,vanila-des,50
1848,-4.545444788032571,vanila-des,50
1849,-4.545444788032571,vanila-des,50
1850,-4.545444788032571,vanila-des,50
1851,-4.545444788032571,vanila-des,50
1852,-4.545444788032571,vanila-des,50
1853,-4.545444788032571,vanila-des,50
1854,-4.545444788032571,vanila-des,50
1855,-4.545444788032571,vanila-des,50
1856,-4.545444788032571,vanila-des,50
1857,-4.545444788032571,vanila-des,50
1858,-4.545444788032571,vanila-des,50
1859,-4.545444788032571,vanila-des,50
1860,-4.545444788032571,vanila-des,50
1861,-4.545444788032571,vanila-des,50
1862,-4.545444788032571,vanila-des,50
1863,-4.545444788032571,vanila-des,50
1864,-4.545444788032571,vanila-des,50
1865,-4.545444788032571,vanila-des,50
1866,-4.545444788032571,vanila-des,50
1867,-4.545444788032571,vanila-des,50
1868,-4.545444788032571,vanila-des,50
1869,-4.545444788032571,vanila-des,50
1870,-4.545444788032571,vanila-des,50
1871,-4.545444788032571,vanila-des,50
1872,-4.545444788032571,vanila-des,50
1873,-4.545444788032571,vanila-des,50
1874,-4.545444788032571,vanila-des,50
1875,-4.545444788032571,vanila-des,50
1876,-4.545444788032571,vanila-des,50
1877,-4.545444788032571,vanila-des,50
1878,-4.545444788032571,vanila-des,50
1879,-4.545444788032571,vanila-des,50
1880,-4.545444788032571,vanila-des,50
1881,-4.545444788032571,vanila-des,50
1882,-4.545444788032571,vanila-des,50
1883,-4.545444788032571,vanila-des,50
1884,-4.545444788032571,vanila-des,50
1885,-4.545444788032571,vanila-des,50
1886,-4.545444788032571,vanila-des,50
1887,-4.545444788032571,vanila-des,50
1888,-4.545444788032571,vanila-des,50
1889,-4.545444788032571,vanila-des,50
1890,-4.545444788032571,vanila-des,50
1891,-4.545444788032571,vanila-des,50
1892,-4.545444788032571,vanila-des,50
1893,-4.545444788032571,vanila-des,50
1894,-4.545444788032571,vanila-des,50
1895,-4.546644671523472,vanila-des,50
1896,-4.546644671523472,vanila-des,50
1897,-4.546644671523472,vanila-des,50
1898,-4.546644671523472,vanila-des,50
1899,-4.546644671523472,vanila-des,50
1900,-4.546644671523472,vanila-des,50
1901,-4.546644671523472,vanila-des,50
1902,-4.546644671523472,vanila-des,50
1903,-4.546644671523472,vanila-des,50
1904,-4.546644671523472,vanila-des,50
1905,-4.546644671523472,vanila-des,50
1906,-4.546644671523472,vanila-des,50
1907,-4.546644671523472,vanila-des,50
1908,-4.546644671523472,vanila-des,50
1909,-4.546644671523472,vanila-des,50
1910,-4.546644671523472,vanila-des,50
1911,-4.546644671523472,vanila-des,50
1912,-4.546644671523472,vanila-des,50
1913,-4.546644671523472,vanila-des,50
1914,-4.546644671523472,vanila-des,50
1915,-4.546644671523472,vanila-des,50
1916,-4.546644671523472,vanila-des,50
1917,-4.546644671523472,vanila-des,50
1918,-4.546644671523472,vanila-des,50
1919,-4.546644671523472,vanila-des,50
1920,-4.546644671523472,vanila-des,50
1921,-4.546644671523472,vanila-des,50
1922,-4.546644671523472,vanila-des,50
1923,-4.546644671523472,vanila-des,50
1924,-4.6212341339559595,vanila-des,50
1925,-4.6212341339559595,vanila-des,50
1926,-4.6212341339559595,vanila-des,50
1927,-4.6212341339559595,vanila-des,50
1928,-4.6212341339559595,vanila-des,50
1929,-4.6212341339559595,vanila-des,50
1930,-4.6212341339559595,vanila-des,50
1931,-4.6212341339559595,vanila-des,50
1932,-4.6212341339559595,vanila-des,50
1933,-4.6212341339559595,vanila-des,50
1934,-4.6212341339559595,vanila-des,50
1935,-4.6212341339559595,vanila-des,50
1936,-4.6212341339559595,vanila-des,50
1937,-4.6212341339559595,vanila-des,50
1938,-4.6212341339559595,vanila-des,50
1939,-4.6212341339559595,vanila-des,50
1940,-4.6212341339559595,vanila-des,50
1941,-4.6212341339559595,vanila-des,50
1942,-4.6212341339559595,vanila-des,50
1943,-4.6212341339559595,vanila-des,50
1944,-4.6212341339559595,vanila-des,50
1945,-4.6212341339559595,vanila-des,50
1946,-4.6212341339559595,vanila-des,50
1947,-4.6212341339559595,vanila-des,50
1948,-4.6212341339559595,vanila-des,50
1949,-4.6212341339559595,vanila-des,50
1950,-4.6212341339559595,vanila-des,50
1951,-4.6212341339559595,vanila-des,50
1952,-4.6212341339559595,vanila-des,50
1953,-4.6212341339559595,vanila-des,50
1954,-4.6212341339559595,vanila-des,50
1955,-4.6212341339559595,vanila-des,50
1956,-4.6212341339559595,vanila-des,50
1957,-4.6212341339559595,vanila-des,50
1958,-4.6212341339559595,vanila-des,50
1959,-4.6212341339559595,vanila-des,50
1960,-4.6212341339559595,vanila-des,50
1961,-4.6212341339559595,vanila-des,50
1962,-4.6212341339559595,vanila-des,50
1963,-4.6212341339559595,vanila-des,50
1964,-4.6212341339559595,vanila-des,50
1965,-4.6212341339559595,vanila-des,50
1966,-4.6212341339559595,vanila-des,50
1967,-4.6212341339559595,vanila-des,50
1968,-4.6212341339559595,vanila-des,50
1969,-4.6212341339559595,vanila-des,50
1970,-4.6212341339559595,vanila-des,50
1971,-4.6212341339559595,vanila-des,50
1972,-4.6212341339559595,vanila-des,50
1973,-4.6212341339559595,vanila-des,50
1974,-4.6212341339559595,vanila-des,50
1975,-4.6212341339559595,vanila-des,50
1976,-4.6212341339559595,vanila-des,50
1977,-4.6212341339559595,vanila-des,50
1978,-4.6212341339559595,vanila-des,50
1979,-4.6212341339559595,vanila-des,50
1980,-4.6212341339559595,vanila-des,50
1981,-4.6212341339559595,vanila-des,50
1982,-4.6212341339559595,vanila-des,50
1983,-4.6212341339559595,vanila-des,50
1984,-4.6212341339559595,vanila-des,50
1985,-4.6212341339559595,vanila-des,50
1986,-4.6212341339559595,vanila-des,50
1987,-4.6212341339559595,vanila-des,50
1988,-4.6212341339559595,vanila-des,50
1989,-4.714370808673422,vanila-des,50
1990,-4.714370808673422,vanila-des,50
1991,-4.714370808673422,vanila-des,50
1992,-4.714370808673422,vanila-des,50
1993,-4.714370808673422,vanila-des,50
1994,-4.714370808673422,vanila-des,50
1995,-4.714370808673422,vanila-des,50
1996,-4.714370808673422,vanila-des,50
1997,-4.714370808673422,vanila-des,50
1998,-4.714370808673422,vanila-des,50
1999,-4.714370808673422,vanila-des,50
2000,-4.714370808673422,vanila-des,50
2001,-4.714370808673422,vanila-des,50
2002,-4.714370808673422,vanila-des,50
2003,-4.714370808673422,vanila-des,50
2004,-4.714370808673422,vanila-des,50
2005,-4.714370808673422,vanila-des,50
2006,-4.714370808673422,vanila-des,50
2007,-4.714370808673422,vanila-des,50
2008,-4.714370808673422,vanila-des,50
2009,-4.714370808673422,vanila-des,50
2010,-4.714370808673422,vanila-des,50
2011,-4.714370808673422,vanila-des,50
2012,-4.714370808673422,vanila-des,50
2013,-4.714370808673422,vanila-des,50
2014,-4.714370808673422,vanila-des,50
2015,-4.714370808673422,vanila-des,50
2016,-4.714370808673422,vanila-des,50
2017,-4.714370808673422,vanila-des,50
2018,-4.714370808673422,vanila-des,50
2019,-4.714370808673422,vanila-des,50
2020,-4.714370808673422,vanila-des,50
2021,-4.714370808673422,vanila-des,50
2022,-4.714370808673422,vanila-des,50
2023,-4.714370808673422,vanila-des,50
2024,-4.714370808673422,vanila-des,50
2025,-4.714370808673422,vanila-des,50
2026,-4.714370808673422,vanila-des,50
2027,-4.714370808673422,vanila-des,50
2028,-4.714370808673422,vanila-des,50
2029,-4.714370808673422,vanila-des,50
2030,-4.714370808673422,vanila-des,50
2031,-4.714370808673422,vanila-des,50
2032,-4.714370808673422,vanila-des,50
2033,-4.714370808673422,vanila-des,50
2034,-4.714370808673422,vanila-des,50
2035,-4.714370808673422,vanila-des,50
2036,-4.714370808673422,vanila-des,50
2037,-4.714370808673422,vanila-des,50
2038,-4.714370808673422,vanila-des,50
2039,-4.714370808673422,vanila-des,50
2040,-4.714370808673422,vanila-des,50
2041,-4.714370808673422,vanila-des,50
2042,-4.714370808673422,vanila-des,50
2043,-4.714370808673422,vanila-des,50
2044,-4.714370808673422,vanila-des,50
2045,-4.714370808673422,vanila-des,50
2046,-4.714370808673422,vanila-des,50
2047,-4.714370808673422,vanila-des,50
2048,-4.714370808673422,vanila-des,50
2049,-4.714370808673422,vanila-des,50
2050,-4.714370808673422,vanila-des,50
2051,-4.714370808673422,vanila-des,50
2052,-4.714370808673422,vanila-des,50
2053,-4.714370808673422,vanila-des,50
2054,-4.714370808673422,vanila-des,50
2055,-4.714370808673422,vanila-des,50
2056,-4.714370808673422,vanila-des,50
2057,-4.714370808673422,vanila-des,50
2058,-4.714370808673422,vanila-des,50
2059,-4.714370808673422,vanila-des,50
2060,-4.714370808673422,vanila-des,50
2061,-4.714370808673422,vanila-des,50
2062,-4.714370808673422,vanila-des,50
2063,-4.714370808673422,vanila-des,50
2064,-4.714370808673422,vanila-des,50
2065,-4.714370808673422,vanila-des,50
2066,-4.714370808673422,vanila-des,50
2067,-4.714370808673422,vanila-des,50
2068,-4.714370808673422,vanila-des,50
2069,-4.714370808673422,vanila-des,50
2070,-4.714370808673422,vanila-des,50
2071,-4.714370808673422,vanila-des,50
2072,-4.714370808673422,vanila-des,50
2073,-4.714370808673422,vanila-des,50
2074,-4.714370808673422,vanila-des,50
2075,-4.714370808673422,vanila-des,50
2076,-4.714370808673422,vanila-des,50
2077,-4.714370808673422,vanila-des,50
2078,-4.714370808673422,vanila-des,50
2079,-4.714370808673422,vanila-des,50
2080,-4.714370808673422,vanila-des,50
2081,-4.714370808673422,vanila-des,50
2082,-4.714370808673422,vanila-des,50
2083,-4.714370808673422,vanila-des,50
2084,-4.714370808673422,vanila-des,50
2085,-4.714370808673422,vanila-des,50
2086,-4.714370808673422,vanila-des,50
2087,-4.714370808673422,vanila-des,50
2088,-4.714370808673422,vanila-des,50
2089,-4.714370808673422,vanila-des,50
2090,-4.714370808673422,vanila-des,50
2091,-4.714370808673422,vanila-des,50
2092,-4.714370808673422,vanila-des,50
2093,-4.714370808673422,vanila-des,50
2094,-4.714370808673422,vanila-des,50
2095,-4.714370808673422,vanila-des,50
2096,-4.714370808673422,vanila-des,50
2097,-4.714370808673422,vanila-des,50
2098,-4.714370808673422,vanila-des,50
2099,-4.714370808673422,vanila-des,50
2100,-4.714370808673422,vanila-des,50
2101,-4.714370808673422,vanila-des,50
2102,-4.714370808673422,vanila-des,50
2103,-4.714370808673422,vanila-des,50
2104,-4.714370808673422,vanila-des,50
2105,-4.714370808673422,vanila-des,50
2106,-4.714370808673422,vanila-des,50
2107,-4.714370808673422,vanila-des,50
2108,-4.714370808673422,vanila-des,50
2109,-4.714370808673422,vanila-des,50
2110,-4.714370808673422,vanila-des,50
2111,-4.714370808673422,vanila-des,50
2112,-4.714370808673422,vanila-des,50
2113,-4.714370808673422,vanila-des,50
2114,-4.714370808673422,vanila-des,50
2115,-4.714370808673422,vanila-des,50
2116,-4.714370808673422,vanila-des,50
2117,-4.714370808673422,vanila-des,50
2118,-4.714370808673422,vanila-des,50
2119,-4.714370808673422,vanila-des,50
2120,-4.714370808673422,vanila-des,50
2121,-4.714370808673422,vanila-des,50
2122,-4.714370808673422,vanila-des,50
2123,-4.714370808673422,vanila-des,50
2124,-4.714370808673422,vanila-des,50
2125,-4.714370808673422,vanila-des,50
2126,-4.714370808673422,vanila-des,50
2127,-4.714370808673422,vanila-des,50
2128,-4.714370808673422,vanila-des,50
2129,-4.714370808673422,vanila-des,50
2130,-4.714370808673422,vanila-des,50
2131,-4.714370808673422,vanila-des,50
2132,-4.714370808673422,vanila-des,50
2133,-4.714370808673422,vanila-des,50
2134,-4.714370808673422,vanila-des,50
2135,-4.714370808673422,vanila-des,50
2136,-4.714370808673422,vanila-des,50
2137,-4.714370808673422,vanila-des,50
2138,-4.714370808673422,vanila-des,50
2139,-4.714370808673422,vanila-des,50
2140,-4.714370808673422,vanila-des,50
2141,-4.714370808673422,vanila-des,50
2142,-4.714370808673422,vanila-des,50
2143,-4.714370808673422,vanila-des,50
2144,-4.714370808673422,vanila-des,50
2145,-4.714370808673422,vanila-des,50
2146,-4.714370808673422,vanila-des,50
2147,-4.714370808673422,vanila-des,50
2148,-4.714370808673422,vanila-des,50
2149,-4.714370808673422,vanila-des,50
2150,-4.714370808673422,vanila-des,50
2151,-4.714370808673422,vanila-des,50
2152,-4.714370808673422,vanila-des,50
2153,-4.714370808673422,vanila-des,50
2154,-4.714370808673422,vanila-des,50
2155,-4.714370808673422,vanila-des,50
2156,-4.714370808673422,vanila-des,50
2157,-4.714370808673422,vanila-des,50
2158,-4.714370808673422,vanila-des,50
2159,-4.714370808673422,vanila-des,50
2160,-4.714370808673422,vanila-des,50
2161,-4.714370808673422,vanila-des,50
2162,-4.714370808673422,vanila-des,50
2163,-4.714370808673422,vanila-des,50
2164,-4.714370808673422,vanila-des,50
2165,-4.714370808673422,vanila-des,50
2166,-4.714370808673422,vanila-des,50
2167,-4.714370808673422,vanila-des,50
2168,-4.714370808673422,vanila-des,50
2169,-4.714370808673422,vanila-des,50
2170,-4.714370808673422,vanila-des,50
2171,-4.714370808673422,vanila-des,50
2172,-4.714370808673422,vanila-des,50
2173,-4.714370808673422,vanila-des,50
2174,-4.714370808673422,vanila-des,50
2175,-4.714370808673422,vanila-des,50
2176,-4.714370808673422,vanila-des,50
2177,-4.714370808673422,vanila-des,50
2178,-4.714370808673422,vanila-des,50
2179,-4.714370808673422,vanila-des,50
2180,-4.714370808673422,vanila-des,50
2181,-4.714370808673422,vanila-des,50
2182,-4.714370808673422,vanila-des,50
2183,-4.714370808673422,vanila-des,50
2184,-4.714370808673422,vanila-des,50
2185,-4.714370808673422,vanila-des,50
2186,-4.714370808673422,vanila-des,50
2187,-4.723136158994032,vanila-des,50
2188,-4.723136158994032,vanila-des,50
2189,-4.723136158994032,vanila-des,50
2190,-4.723136158994032,vanila-des,50
2191,-4.723136158994032,vanila-des,50
2192,-4.723136158994032,vanila-des,50
2193,-4.723136158994032,vanila-des,50
2194,-4.723136158994032,vanila-des,50
2195,-4.723136158994032,vanila-des,50
2196,-4.723136158994032,vanila-des,50
2197,-4.723136158994032,vanila-des,50
2198,-4.723136158994032,vanila-des,50
2199,-4.723136158994032,vanila-des,50
2200,-4.723136158994032,vanila-des,50
2201,-4.723136158994032,vanila-des,50
2202,-4.723136158994032,vanila-des,50
2203,-4.723136158994032,vanila-des,50
2204,-4.723136158994032,vanila-des,50
2205,-4.723136158994032,vanila-des,50
2206,-4.723136158994032,vanila-des,50
2207,-4.723136158994032,vanila-des,50
2208,-4.723136158994032,vanila-des,50
2209,-4.723136158994032,vanila-des,50
2210,-4.723136158994032,vanila-des,50
2211,-4.723136158994032,vanila-des,50
2212,-4.723136158994032,vanila-des,50
2213,-4.723136158994032,vanila-des,50
2214,-4.723136158994032,vanila-des,50
2215,-4.723136158994032,vanila-des,50
2216,-4.723136158994032,vanila-des,50
2217,-4.723136158994032,vanila-des,50
2218,-4.723136158994032,vanila-des,50
2219,-4.723136158994032,vanila-des,50
2220,-4.723136158994032,vanila-des,50
2221,-4.723136158994032,vanila-des,50
2222,-4.723136158994032,vanila-des,50
2223,-4.723136158994032,vanila-des,50
2224,-4.723136158994032,vanila-des,50
2225,-4.723136158994032,vanila-des,50
2226,-4.723136158994032,vanila-des,50
2227,-4.723136158994032,vanila-des,50
2228,-4.723136158994032,vanila-des,50
2229,-4.723136158994032,vanila-des,50
2230,-4.723136158994032,vanila-des,50
2231,-4.723136158994032,vanila-des,50
2232,-4.723136158994032,vanila-des,50
2233,-4.723136158994032,vanila-des,50
2234,-4.723136158994032,vanila-des,50
2235,-4.723136158994032,vanila-des,50
2236,-4.723136158994032,vanila-des,50
2237,-4.723136158994032,vanila-des,50
2238,-4.723136158994032,vanila-des,50
2239,-4.723136158994032,vanila-des,50
2240,-4.723136158994032,vanila-des,50
2241,-4.723136158994032,vanila-des,50
2242,-4.723136158994032,vanila-des,50
2243,-4.723136158994032,vanila-des,50
2244,-4.723136158994032,vanila-des,50
2245,-4.723136158994032,vanila-des,50
2246,-4.723136158994032,vanila-des,50
2247,-4.723136158994032,vanila-des,50
2248,-4.723136158994032,vanila-des,50
2249,-4.723136158994032,vanila-des,50
2250,-4.723136158994032,vanila-des,50
2251,-4.723136158994032,vanila-des,50
2252,-4.723136158994032,vanila-des,50
2253,-4.723136158994032,vanila-des,50
2254,-4.723136158994032,vanila-des,50
2255,-4.723136158994032,vanila-des,50
2256,-4.723136158994032,vanila-des,50
2257,-4.723136158994032,vanila-des,50
2258,-4.723136158994032,vanila-des,50
2259,-4.723136158994032,vanila-des,50
2260,-4.723136158994032,vanila-des,50
2261,-4.723136158994032,vanila-des,50
2262,-4.723136158994032,vanila-des,50
2263,-4.723136158994032,vanila-des,50
2264,-4.723136158994032,vanila-des,50
2265,-4.723136158994032,vanila-des,50
2266,-4.723136158994032,vanila-des,50
2267,-4.723136158994032,vanila-des,50
2268,-4.723136158994032,vanila-des,50
2269,-4.723136158994032,vanila-des,50
2270,-4.723136158994032,vanila-des,50
2271,-4.723136158994032,vanila-des,50
2272,-4.723136158994032,vanila-des,50
2273,-4.723136158994032,vanila-des,50
2274,-4.723136158994032,vanila-des,50
2275,-4.723136158994032,vanila-des,50
2276,-4.723136158994032,vanila-des,50
2277,-4.723136158994032,vanila-des,50
2278,-4.723136158994032,vanila-des,50
2279,-4.723136158994032,vanila-des,50
2280,-4.723136158994032,vanila-des,50
2281,-4.723136158994032,vanila-des,50
2282,-4.723136158994032,vanila-des,50
2283,-4.723136158994032,vanila-des,50
2284,-4.723136158994032,vanila-des,50
2285,-4.723136158994032,vanila-des,50
2286,-4.723136158994032,vanila-des,50
2287,-4.723136158994032,vanila-des,50
2288,-4.723136158994032,vanila-des,50
2289,-4.723136158994032,vanila-des,50
2290,-4.723136158994032,vanila-des,50
2291,-4.723136158994032,vanila-des,50
2292,-4.723136158994032,vanila-des,50
2293,-4.723136158994032,vanila-des,50
2294,-4.723136158994032,vanila-des,50
2295,-4.723136158994032,vanila-des,50
2296,-4.723136158994032,vanila-des,50
2297,-4.723136158994032,vanila-des,50
2298,-4.723136158994032,vanila-des,50
2299,-4.723136158994032,vanila-des,50
2300,-4.723136158994032,vanila-des,50
2301,-4.723136158994032,vanila-des,50
2302,-4.723136158994032,vanila-des,50
2303,-4.723136158994032,vanila-des,50
2304,-4.723136158994032,vanila-des,50
2305,-4.723136158994032,vanila-des,50
2306,-4.723136158994032,vanila-des,50
2307,-4.723136158994032,vanila-des,50
2308,-4.723136158994032,vanila-des,50
2309,-4.723136158994032,vanila-des,50
2310,-4.723136158994032,vanila-des,50
2311,-4.723136158994032,vanila-des,50
2312,-4.723136158994032,vanila-des,50
2313,-4.723136158994032,vanila-des,50
2314,-4.723136158994032,vanila-des,50
2315,-4.723136158994032,vanila-des,50
2316,-4.723136158994032,vanila-des,50
2317,-4.723136158994032,vanila-des,50
2318,-4.723136158994032,vanila-des,50
2319,-4.723136158994032,vanila-des,50
2320,-4.723136158994032,vanila-des,50
2321,-4.723136158994032,vanila-des,50
2322,-4.723136158994032,vanila-des,50
2323,-4.723136158994032,vanila-des,50
2324,-4.723136158994032,vanila-des,50
2325,-4.723136158994032,vanila-des,50
2326,-4.723136158994032,vanila-des,50
2327,-4.723136158994032,vanila-des,50
2328,-4.723136158994032,vanila-des,50
2329,-4.723136158994032,vanila-des,50
2330,-4.723136158994032,vanila-des,50
2331,-4.723136158994032,vanila-des,50
2332,-4.723136158994032,vanila-des,50
2333,-4.723136158994032,vanila-des,50
2334,-4.723136158994032,vanila-des,50
2335,-4.723136158994032,vanila-des,50
2336,-4.723136158994032,vanila-des,50
2337,-4.723136158994032,vanila-des,50
2338,-4.723136158994032,vanila-des,50
2339,-4.723136158994032,vanila-des,50
2340,-4.723136158994032,vanila-des,50
2341,-4.723136158994032,vanila-des,50
2342,-4.723136158994032,vanila-des,50
2343,-4.723136158994032,vanila-des,50
2344,-4.723136158994032,vanila-des,50
2345,-4.723136158994032,vanila-des,50
2346,-4.723136158994032,vanila-des,50
2347,-4.723136158994032,vanila-des,50
2348,-4.723136158994032,vanila-des,50
2349,-4.723136158994032,vanila-des,50
2350,-4.723136158994032,vanila-des,50
2351,-4.723136158994032,vanila-des,50
2352,-4.723136158994032,vanila-des,50
2353,-4.723136158994032,vanila-des,50
2354,-4.723136158994032,vanila-des,50
2355,-4.723136158994032,vanila-des,50
2356,-4.723136158994032,vanila-des,50
2357,-4.723136158994032,vanila-des,50
2358,-4.723136158994032,vanila-des,50
2359,-4.723136158994032,vanila-des,50
2360,-4.723136158994032,vanila-des,50
2361,-4.723136158994032,vanila-des,50
2362,-4.723136158994032,vanila-des,50
2363,-4.723136158994032,vanila-des,50
2364,-4.723136158994032,vanila-des,50
2365,-4.723136158994032,vanila-des,50
2366,-4.723136158994032,vanila-des,50
2367,-4.723136158994032,vanila-des,50
2368,-4.723136158994032,vanila-des,50
2369,-4.723136158994032,vanila-des,50
2370,-4.723136158994032,vanila-des,50
2371,-4.723136158994032,vanila-des,50
2372,-4.723136158994032,vanila-des,50
2373,-4.723136158994032,vanila-des,50
2374,-4.723136158994032,vanila-des,50
2375,-4.723136158994032,vanila-des,50
2376,-4.723136158994032,vanila-des,50
2377,-4.723136158994032,vanila-des,50
2378,-4.723136158994032,vanila-des,50
2379,-4.723136158994032,vanila-des,50
2380,-4.723136158994032,vanila-des,50
2381,-4.723136158994032,vanila-des,50
2382,-4.723136158994032,vanila-des,50
2383,-4.723136158994032,vanila-des,50
2384,-4.723136158994032,vanila-des,50
2385,-4.723136158994032,vanila-des,50
2386,-4.723136158994032,vanila-des,50
2387,-4.723136158994032,vanila-des,50
2388,-4.723136158994032,vanila-des,50
2389,-4.723136158994032,vanila-des,50
2390,-4.723136158994032,vanila-des,50
2391,-4.723136158994032,vanila-des,50
2392,-4.723136158994032,vanila-des,50
2393,-4.723136158994032,vanila-des,50
2394,-4.723136158994032,vanila-des,50
2395,-4.723136158994032,vanila-des,50
2396,-4.723136158994032,vanila-des,50
2397,-4.723136158994032,vanila-des,50
2398,-4.723136158994032,vanila-des,50
2399,-4.723136158994032,vanila-des,50
2400,-4.723136158994032,vanila-des,50
2401,-4.723136158994032,vanila-des,50
2402,-4.723136158994032,vanila-des,50
2403,-4.723136158994032,vanila-des,50
2404,-4.723136158994032,vanila-des,50
2405,-4.723136158994032,vanila-des,50
2406,-4.723136158994032,vanila-des,50
2407,-4.723136158994032,vanila-des,50
2408,-4.723136158994032,vanila-des,50
2409,-4.723136158994032,vanila-des,50
2410,-4.723136158994032,vanila-des,50
2411,-4.723136158994032,vanila-des,50
2412,-4.723136158994032,vanila-des,50
2413,-4.723136158994032,vanila-des,50
2414,-4.723136158994032,vanila-des,50
2415,-4.723136158994032,vanila-des,50
2416,-4.723136158994032,vanila-des,50
2417,-4.723136158994032,vanila-des,50
2418,-4.737254515477714,vanila-des,50
2419,-4.737254515477714,vanila-des,50
2420,-4.737254515477714,vanila-des,50
2421,-4.737254515477714,vanila-des,50
2422,-4.737254515477714,vanila-des,50
2423,-4.737254515477714,vanila-des,50
2424,-4.737254515477714,vanila-des,50
2425,-4.737254515477714,vanila-des,50
2426,-4.737254515477714,vanila-des,50
2427,-4.737254515477714,vanila-des,50
2428,-4.737254515477714,vanila-des,50
2429,-4.737254515477714,vanila-des,50
2430,-4.737254515477714,vanila-des,50
2431,-4.737254515477714,vanila-des,50
2432,-4.737254515477714,vanila-des,50
2433,-4.737254515477714,vanila-des,50
2434,-4.737254515477714,vanila-des,50
2435,-4.737254515477714,vanila-des,50
2436,-4.737254515477714,vanila-des,50
2437,-4.737254515477714,vanila-des,50
2438,-4.737254515477714,vanila-des,50
2439,-4.737254515477714,vanila-des,50
2440,-4.737254515477714,vanila-des,50
2441,-4.737254515477714,vanila-des,50
2442,-4.737254515477714,vanila-des,50
2443,-4.737254515477714,vanila-des,50
2444,-4.737254515477714,vanila-des,50
2445,-4.737254515477714,vanila-des,50
2446,-4.737254515477714,vanila-des,50
2447,-4.737254515477714,vanila-des,50
2448,-4.737254515477714,vanila-des,50
2449,-4.737254515477714,vanila-des,50
2450,-4.737254515477714,vanila-des,50
2451,-4.737254515477714,vanila-des,50
2452,-4.737254515477714,vanila-des,50
2453,-4.737254515477714,vanila-des,50
2454,-4.737254515477714,vanila-des,50
2455,-4.737254515477714,vanila-des,50
2456,-4.737254515477714,vanila-des,50
2457,-4.737254515477714,vanila-des,50
2458,-4.737254515477714,vanila-des,50
2459,-4.737254515477714,vanila-des,50
2460,-4.737254515477714,vanila-des,50
2461,-4.737254515477714,vanila-des,50
2462,-4.737254515477714,vanila-des,50
2463,-4.737254515477714,vanila-des,50
2464,-4.737254515477714,vanila-des,50
2465,-4.737254515477714,vanila-des,50
2466,-4.737254515477714,vanila-des,50
2467,-4.737254515477714,vanila-des,50
2468,-4.737254515477714,vanila-des,50
2469,-4.737254515477714,vanila-des,50
2470,-4.737254515477714,vanila-des,50
2471,-4.737254515477714,vanila-des,50
2472,-4.737254515477714,vanila-des,50
2473,-4.737254515477714,vanila-des,50
2474,-4.737254515477714,vanila-des,50
2475,-4.737254515477714,vanila-des,50
2476,-4.737254515477714,vanila-des,50
2477,-4.737254515477714,vanila-des,50
2478,-4.737254515477714,vanila-des,50
2479,-4.737254515477714,vanila-des,50
2480,-4.737254515477714,vanila-des,50
2481,-4.737254515477714,vanila-des,50
2482,-4.737254515477714,vanila-des,50
2483,-4.737254515477714,vanila-des,50
2484,-4.737254515477714,vanila-des,50
2485,-4.737254515477714,vanila-des,50
2486,-4.737254515477714,vanila-des,50
2487,-4.737254515477714,vanila-des,50
